{
	"name": "ds_csv",
	"properties": {
		"linkedServiceName": {
			"referenceName": "ls_az_blob",
			"type": "LinkedServiceReference"
		},
		"annotations": [],
		"type": "DelimitedText",
		"typeProperties": {
			"location": {
				"type": "AzureBlobStorageLocation",
				"fileName": "dbocobanOperators.csv",
				"folderPath": "backup/dbocobanOperators",
				"container": "vipra-dl"
			},
			"columnDelimiter": ",",
			"escapeChar": "\\",
			"firstRowAsHeader": true,
			"quoteChar": "\""
		},
		"schema": [
			{
				"name": "userId",
				"type": "String"
			},
			{
				"name": "firstname",
				"type": "String"
			},
			{
				"name": "lastname",
				"type": "String"
			},
			{
				"name": "fullname",
				"type": "String"
			},
			{
				"name": "password",
				"type": "String"
			},
			{
				"name": "officerTitle",
				"type": "String"
			},
			{
				"name": "officerID",
				"type": "String"
			},
			{
				"name": "OperatorID",
				"type": "String"
			},
			{
				"name": "email",
				"type": "String"
			}
		]
	}
}