{
	"name": "ds_cases",
	"properties": {
		"linkedServiceName": {
			"referenceName": "ls_datalake_sasuri",
			"type": "LinkedServiceReference"
		},
		"annotations": [],
		"type": "DelimitedText",
		"typeProperties": {
			"location": {
				"type": "AzureBlobStorageLocation",
				"fileName": "dbocobancases.csv",
				"folderPath": "dvms1",
				"container": "vipra-backup"
			},
			"columnDelimiter": ",",
			"escapeChar": "\\",
			"firstRowAsHeader": true,
			"quoteChar": "\""
		},
		"schema": [
			{
				"name": "caseID",
				"type": "String"
			},
			{
				"name": "caseDesc",
				"type": "String"
			},
			{
				"name": "isActive",
				"type": "String"
			},
			{
				"name": "isRestrictedAccess",
				"type": "String"
			},
			{
				"name": "openDate",
				"type": "String"
			},
			{
				"name": "eventType",
				"type": "String"
			},
			{
				"name": "userIDCreator",
				"type": "String"
			},
			{
				"name": "note",
				"type": "String"
			},
			{
				"name": "hoduntil",
				"type": "String"
			}
		]
	}
}