{
	"name": "ds_parquet",
	"properties": {
		"linkedServiceName": {
			"referenceName": "ls_az_blob",
			"type": "LinkedServiceReference"
		},
		"annotations": [],
		"type": "Parquet",
		"typeProperties": {
			"location": {
				"type": "AzureBlobStorageLocation",
				"folderPath": "backup",
				"container": "vipra-dl"
			},
			"compressionCodec": "snappy"
		},
		"schema": [
			{
				"name": "userId",
				"type": "UTF8"
			},
			{
				"name": "firstname",
				"type": "UTF8"
			},
			{
				"name": "lastname",
				"type": "UTF8"
			},
			{
				"name": "fullname",
				"type": "UTF8"
			},
			{
				"name": "password",
				"type": "UTF8"
			},
			{
				"name": "officerTitle",
				"type": "UTF8"
			},
			{
				"name": "officerID",
				"type": "UTF8"
			},
			{
				"name": "OperatorID",
				"type": "UTF8"
			},
			{
				"name": "email",
				"type": "UTF8"
			}
		]
	}
}