{
	"name": "ds_des_fb_incremental",
	"properties": {
		"linkedServiceName": {
			"referenceName": "ls_db_des_onsite",
			"type": "LinkedServiceReference"
		},
		"parameters": {
			"table_name": {
				"type": "string"
			},
			"table_schema": {
				"type": "string"
			}
		},
		"annotations": [],
		"type": "PostgreSqlTable",
		"schema": [],
		"typeProperties": {
			"schema": {
				"value": "@dataset().table_schema",
				"type": "Expression"
			},
			"table": {
				"value": "@dataset().table_name",
				"type": "Expression"
			}
		}
	},
	"type": "Microsoft.DataFactory/factories/datasets"
}