{
	"name": "ds_transformation_db",
	"properties": {
		"linkedServiceName": {
			"referenceName": "ls_db_transformation",
			"type": "LinkedServiceReference"
		},
		"parameters": {
			"table_schema": {
				"type": "string"
			},
			"table_name": {
				"type": "string"
			}
		},
		"annotations": [],
		"type": "AzurePostgreSqlTable",
		"schema": [],
		"typeProperties": {
			"schema": {
				"value": "@dataset().table_schema",
				"type": "Expression"
			},
			"table": {
				"value": "@dataset().table_name",
				"type": "Expression"
			}
		}
	}
}