{
	"name": "df_evidence_categories",
	"properties": {
		"folder": {
			"name": "Transformation to Nexus API's"
		},
		"type": "MappingDataFlow",
		"typeProperties": {
			"sources": [
				{
					"dataset": {
						"referenceName": "ds_transformation_db",
						"type": "DatasetReference"
					},
					"name": "tmpEvidenceCategory"
				},
				{
					"dataset": {
						"referenceName": "ds_transformation_db",
						"type": "DatasetReference"
					},
					"name": "MediaPriority"
				},
				{
					"dataset": {
						"referenceName": "ds_transformation_db",
						"type": "DatasetReference"
					},
					"name": "MappingTable"
				}
			],
			"sinks": [
				{
					"name": "evidencecategories"
				},
				{
					"dataset": {
						"referenceName": "ds_transformation_db",
						"type": "DatasetReference"
					},
					"name": "mappingtbl"
				}
			],
			"transformations": [
				{
					"name": "doesnotexsiststmpevidencecategory"
				},
				{
					"name": "Tranformingcolumns"
				},
				{
					"name": "joinwithmediaproritywithtmptbl"
				},
				{
					"name": "doesnotexsistsinmappingtbl"
				}
			],
			"scriptLines": [
				"source(output(",
				"          id as string,",
				"          name as string,",
				"          keep as string,",
				"          retention as integer,",
				"          categoryorder as integer,",
				"          description as string,",
				"          active as string,",
				"          main as string",
				"     ),",
				"     allowSchemaDrift: true,",
				"     validateSchema: false,",
				"     isolationLevel: 'READ_UNCOMMITTED',",
				"     format: 'table') ~> tmpEvidenceCategory",
				"source(output(",
				"          mpr_seq as string,",
				"          mpr_desc as string,",
				"          mpr_bk_up as string,",
				"          mpr_xfer as string,",
				"          mpr_days_online as string,",
				"          mpr_val as string,",
				"          mpr_read_only as string,",
				"          mpr_in_use as string",
				"     ),",
				"     allowSchemaDrift: true,",
				"     validateSchema: false,",
				"     isolationLevel: 'READ_UNCOMMITTED',",
				"     format: 'table') ~> MediaPriority",
				"source(output(",
				"          mpr_seq as long,",
				"          id as string",
				"     ),",
				"     allowSchemaDrift: true,",
				"     validateSchema: false,",
				"     isolationLevel: 'READ_UNCOMMITTED',",
				"     format: 'table') ~> MappingTable",
				"MediaPriority, tmpEvidenceCategory exists(mpr_desc == name,",
				"     negate:true,",
				"     broadcast: 'auto')~> doesnotexsiststmpevidencecategory",
				"doesnotexsiststmpevidencecategory derive(description = mpr_desc,",
				"          keep = mpr_in_use,",
				"          name = substring(mpr_desc, 0, 60),",
				"          retention = iif(mpr_in_use =='true', '0',replace(mpr_days_online, 'days')),",
				"          mpr_seq_int = toInteger(mpr_seq)) ~> Tranformingcolumns",
				"MediaPriority, tmpEvidenceCategory join(mpr_desc == name,",
				"     joinType:'inner',",
				"     matchType:'exact',",
				"     ignoreSpaces: false,",
				"     broadcast: 'auto')~> joinwithmediaproritywithtmptbl",
				"joinwithmediaproritywithtmptbl, MappingTable exists(tmpEvidenceCategory@id == MappingTable@id,",
				"     negate:true,",
				"     broadcast: 'auto')~> doesnotexsistsinmappingtbl",
				"Tranformingcolumns sink(validateSchema: false,",
				"     skipDuplicateMapInputs: true,",
				"     skipDuplicateMapOutputs: true,",
				"     store: 'cache',",
				"     format: 'inline',",
				"     output: true,",
				"     saveOrder: 1,",
				"     mapColumn(",
				"          mpr_seq,",
				"          mpr_desc,",
				"          mpr_bk_up,",
				"          mpr_xfer,",
				"          mpr_days_online,",
				"          mpr_val,",
				"          mpr_read_only,",
				"          mpr_in_use,",
				"          description,",
				"          keep,",
				"          name,",
				"          retention",
				"     )) ~> evidencecategories",
				"doesnotexsistsinmappingtbl sink(allowSchemaDrift: true,",
				"     validateSchema: false,",
				"     deletable:false,",
				"     insertable:true,",
				"     updateable:false,",
				"     upsertable:false,",
				"     format: 'table',",
				"     skipDuplicateMapInputs: true,",
				"     skipDuplicateMapOutputs: true,",
				"     mapColumn(",
				"          mpr_seq,",
				"          id",
				"     )) ~> mappingtbl"
			]
		}
	}
}