{
	"name": "df_unit_types",
	"properties": {
		"folder": {
			"name": "Transformation to Nexus API's"
		},
		"type": "MappingDataFlow",
		"typeProperties": {
			"sources": [
				{
					"dataset": {
						"referenceName": "ds_transformation_db",
						"type": "DatasetReference"
					},
					"name": "UnitTypesAPI"
				},
				{
					"dataset": {
						"referenceName": "ds_transformation_db",
						"type": "DatasetReference"
					},
					"name": "UnitTypes"
				},
				{
					"dataset": {
						"referenceName": "ds_transformation_db",
						"type": "DatasetReference"
					},
					"name": "mappingtable"
				}
			],
			"sinks": [
				{
					"dataset": {
						"referenceName": "ds_transformation_db",
						"type": "DatasetReference"
					},
					"name": "unittypestsunittypes"
				},
				{
					"name": "sink1"
				}
			],
			"transformations": [
				{
					"name": "join1"
				},
				{
					"name": "exists1"
				},
				{
					"name": "exists2"
				},
				{
					"name": "derivedColumn1"
				}
			],
			"scriptLines": [
				"source(output(",
				"          id as string,",
				"          name as string,",
				"          description as string,",
				"          icon as string,",
				"          active as string",
				"     ),",
				"     allowSchemaDrift: true,",
				"     validateSchema: false,",
				"     isolationLevel: 'READ_UNCOMMITTED',",
				"     format: 'table') ~> UnitTypesAPI",
				"source(output(",
				"          utp_seq as long,",
				"          utp_type as string,",
				"          utp_desc as string",
				"     ),",
				"     allowSchemaDrift: true,",
				"     validateSchema: false,",
				"     isolationLevel: 'READ_UNCOMMITTED',",
				"     format: 'table') ~> UnitTypes",
				"source(output(",
				"          utp_seq as long,",
				"          id as string",
				"     ),",
				"     allowSchemaDrift: true,",
				"     validateSchema: false,",
				"     isolationLevel: 'READ_UNCOMMITTED',",
				"     format: 'table') ~> mappingtable",
				"UnitTypes, UnitTypesAPI join(utp_type == name,",
				"     joinType:'inner',",
				"     matchType:'exact',",
				"     ignoreSpaces: false,",
				"     broadcast: 'auto')~> join1",
				"join1, mappingtable exists(UnitTypes@utp_seq == mappingtable@utp_seq,",
				"     negate:true,",
				"     broadcast: 'auto')~> exists1",
				"UnitTypes, UnitTypesAPI exists(utp_type == name,",
				"     negate:true,",
				"     broadcast: 'auto')~> exists2",
				"exists2 derive(icon = case(utp_type=='bodyworn','officer' ,'patrol-vehicle')) ~> derivedColumn1",
				"exists1 sink(allowSchemaDrift: true,",
				"     validateSchema: false,",
				"     deletable:false,",
				"     insertable:true,",
				"     updateable:false,",
				"     upsertable:false,",
				"     format: 'table',",
				"     skipDuplicateMapInputs: true,",
				"     skipDuplicateMapOutputs: true,",
				"     mapColumn(",
				"          utp_seq,",
				"          id",
				"     )) ~> unittypestsunittypes",
				"derivedColumn1 sink(validateSchema: false,",
				"     skipDuplicateMapInputs: true,",
				"     skipDuplicateMapOutputs: true,",
				"     store: 'cache',",
				"     format: 'inline',",
				"     output: true,",
				"     saveOrder: 1) ~> sink1"
			]
		}
	}
}