{
	"name": "df_unit",
	"properties": {
		"folder": {
			"name": "Transformation to Nexus API's"
		},
		"type": "MappingDataFlow",
		"typeProperties": {
			"sources": [
				{
					"dataset": {
						"referenceName": "ds_transformation_db",
						"type": "DatasetReference"
					},
					"name": "unit"
				},
				{
					"dataset": {
						"referenceName": "ds_transformation_db",
						"type": "DatasetReference"
					},
					"name": "users"
				},
				{
					"dataset": {
						"referenceName": "ds_transformation_db",
						"type": "DatasetReference"
					},
					"name": "usertsecusers"
				},
				{
					"dataset": {
						"referenceName": "ds_transformation_db",
						"type": "DatasetReference"
					},
					"name": "unittsunits"
				},
				{
					"dataset": {
						"referenceName": "ds_transformation_db",
						"type": "DatasetReference"
					},
					"name": "tmpunit"
				},
				{
					"dataset": {
						"referenceName": "ds_transformation_db",
						"type": "DatasetReference"
					},
					"name": "tmpdevices"
				}
			],
			"sinks": [
				{
					"dataset": {
						"referenceName": "ds_transformation_db",
						"type": "DatasetReference"
					},
					"name": "sink1"
				},
				{
					"name": "sink2"
				}
			],
			"transformations": [
				{
					"name": "joinwithusers"
				},
				{
					"name": "joinwithusermappingtbl"
				},
				{
					"name": "joinwittmpdevices"
				},
				{
					"name": "split1"
				},
				{
					"name": "select1"
				},
				{
					"name": "joinwithtmpunit"
				},
				{
					"name": "joinwithtmpunits"
				},
				{
					"name": "split2"
				},
				{
					"name": "select2"
				},
				{
					"name": "SelectBothDoesNotExist"
				},
				{
					"name": "split3"
				},
				{
					"name": "DeviceExistUnitExist"
				},
				{
					"name": "DoesNotExistUnitMapping"
				},
				{
					"name": "union1"
				},
				{
					"name": "select3"
				},
				{
					"name": "union2"
				}
			],
			"scriptLines": [
				"source(output(",
				"          unt_seq as long,",
				"          unt_seq_old as long,",
				"          unt_nxt_version as string,",
				"          unt_id as string,",
				"          unt_ip as string,",
				"          unt_last_ping as string,",
				"          unt_srl_num as string,",
				"          unt_login_name as string,",
				"          unt_login_pass as string,",
				"          unt_monitor_port as integer,",
				"          unt_dl_priority as integer,",
				"          unt_playback_port as integer,",
				"          unt_upd_cnt as integer,",
				"          unt_type as string,",
				"          unt_active as string,",
				"          unt_status as string,",
				"          unt_version as string,",
				"          unt_last_comm as timestamp,",
				"          unt_creation_time as timestamp,",
				"          unt_update_time as timestamp,",
				"          unt_last_download_date as timestamp,",
				"          dvr_officer_id as string,",
				"          dvr_officer_name as string,",
				"          dvr_officer_title as string,",
				"          dvr_wireless_ip as string,",
				"          dvr_dhcp as boolean,",
				"          dvr_gateway as string,",
				"          dvr_mask as string,",
				"          unt_place_holder as boolean,",
				"          unt_main_board as string,",
				"          unt_video_board as string,",
				"          unt_product_code as string,",
				"          unt_prc_seq as long,",
				"          mtp_seq as long,",
				"          unt_grp_seq as long",
				"     ),",
				"     allowSchemaDrift: true,",
				"     validateSchema: false,",
				"     isolationLevel: 'READ_UNCOMMITTED',",
				"     format: 'table') ~> unit",
				"source(output(",
				"          usr_seq as long,",
				"          usr_creation_date as timestamp,",
				"          usr_seq_old as long,",
				"          usr_login_date as timestamp,",
				"          usr_login_name as string,",
				"          usr_display_name as string,",
				"          usr_email as string,",
				"          usr_failed_logins as integer,",
				"          usr_active as string,",
				"          usr_prc_seq as long,",
				"          usr_utp_seq as long,",
				"          usr_off_seq as long,",
				"          h1_password as string",
				"     ),",
				"     allowSchemaDrift: true,",
				"     validateSchema: false,",
				"     isolationLevel: 'READ_UNCOMMITTED',",
				"     format: 'table') ~> users",
				"source(output(",
				"          usr_seq as long,",
				"          id as string",
				"     ),",
				"     allowSchemaDrift: true,",
				"     validateSchema: false,",
				"     isolationLevel: 'READ_UNCOMMITTED',",
				"     format: 'table') ~> usertsecusers",
				"source(output(",
				"          unt_seq as long,",
				"          id as string",
				"     ),",
				"     allowSchemaDrift: true,",
				"     validateSchema: false,",
				"     isolationLevel: 'READ_UNCOMMITTED',",
				"     format: 'table') ~> unittsunits",
				"source(output(",
				"          id as string,",
				"          name as string",
				"     ),",
				"     allowSchemaDrift: true,",
				"     validateSchema: false,",
				"     isolationLevel: 'READ_UNCOMMITTED',",
				"     format: 'table') ~> tmpunit",
				"source(output(",
				"          id as string,",
				"          deviceid as string",
				"     ),",
				"     allowSchemaDrift: true,",
				"     validateSchema: false,",
				"     isolationLevel: 'READ_UNCOMMITTED',",
				"     format: 'table') ~> tmpdevices",
				"unit, users join(dvr_officer_name == usr_display_name,",
				"     joinType:'left',",
				"     matchType:'exact',",
				"     ignoreSpaces: false,",
				"     broadcast: 'auto')~> joinwithusers",
				"joinwithusers, usertsecusers join(users@usr_seq == usertsecusers@usr_seq,",
				"     joinType:'left',",
				"     matchType:'exact',",
				"     ignoreSpaces: false,",
				"     broadcast: 'auto')~> joinwithusermappingtbl",
				"joinwithusermappingtbl, tmpdevices join(unt_srl_num == deviceid,",
				"     joinType:'left',",
				"     matchType:'exact',",
				"     ignoreSpaces: false,",
				"     broadcast: 'auto')~> joinwittmpdevices",
				"select1 split(equals(unt_srl_num,deviceid),",
				"     disjoint: false) ~> split1@(DeviceExist, DeviceDoesNotExist)",
				"joinwittmpdevices select(mapColumn(",
				"          unt_seq,",
				"          unt_seq_old,",
				"          unt_nxt_version,",
				"          unt_id,",
				"          unt_ip,",
				"          unt_last_ping,",
				"          unt_srl_num,",
				"          unt_login_name,",
				"          unt_login_pass,",
				"          unt_monitor_port,",
				"          unt_dl_priority,",
				"          unt_playback_port,",
				"          unt_upd_cnt,",
				"          unt_type,",
				"          unt_active,",
				"          unt_status,",
				"          unt_version,",
				"          unt_last_comm,",
				"          unt_creation_time,",
				"          unt_update_time,",
				"          unt_last_download_date,",
				"          dvr_officer_id,",
				"          dvr_officer_name,",
				"          dvr_officer_title,",
				"          dvr_wireless_ip,",
				"          dvr_dhcp,",
				"          dvr_gateway,",
				"          dvr_mask,",
				"          unt_place_holder,",
				"          unt_main_board,",
				"          unt_video_board,",
				"          unt_product_code,",
				"          unt_prc_seq,",
				"          mtp_seq,",
				"          unt_grp_seq,",
				"          usr_seq = users@usr_seq,",
				"          usr_creation_date,",
				"          usr_seq_old,",
				"          usr_login_date,",
				"          usr_login_name,",
				"          usr_display_name,",
				"          usr_email,",
				"          usr_failed_logins,",
				"          usr_active,",
				"          usr_prc_seq,",
				"          usr_utp_seq,",
				"          usr_off_seq,",
				"          h1_password,",
				"          usr_seq = usertsecusers@usr_seq,",
				"          {users@id} = usertsecusers@id,",
				"          {devices@id} = tmpdevices@id,",
				"          deviceid",
				"     ),",
				"     skipDuplicateMapInputs: true,",
				"     skipDuplicateMapOutputs: true) ~> select1",
				"split1@DeviceExist, tmpunit join(unt_id == name,",
				"     joinType:'left',",
				"     matchType:'exact',",
				"     ignoreSpaces: false,",
				"     broadcast: 'auto')~> joinwithtmpunit",
				"split1@DeviceDoesNotExist, tmpunit join(unt_id == name,",
				"     joinType:'left',",
				"     matchType:'exact',",
				"     ignoreSpaces: false,",
				"     broadcast: 'auto')~> joinwithtmpunits",
				"joinwithtmpunits split(equals(unt_id,name),",
				"     disjoint: false) ~> split2@(DeviceDoesNotExistUnitExist, DeviceDoesNotExistUnitDoesNotExist)",
				"split2@DeviceDoesNotExistUnitExist select(mapColumn(",
				"          unt_seq,",
				"          unt_seq_old,",
				"          unt_nxt_version,",
				"          unt_id,",
				"          unt_ip,",
				"          unt_last_ping,",
				"          unt_srl_num,",
				"          unt_login_name,",
				"          unt_login_pass,",
				"          unt_monitor_port,",
				"          unt_dl_priority,",
				"          unt_playback_port,",
				"          unt_upd_cnt,",
				"          unt_type,",
				"          unt_active,",
				"          unt_status,",
				"          unt_version,",
				"          unt_last_comm,",
				"          unt_creation_time,",
				"          unt_update_time,",
				"          unt_last_download_date,",
				"          dvr_officer_id,",
				"          dvr_officer_name,",
				"          dvr_officer_title,",
				"          dvr_wireless_ip,",
				"          dvr_dhcp,",
				"          dvr_gateway,",
				"          dvr_mask,",
				"          unt_place_holder,",
				"          unt_main_board,",
				"          unt_video_board,",
				"          unt_product_code,",
				"          unt_prc_seq,",
				"          mtp_seq,",
				"          unt_grp_seq,",
				"          usr_seq,",
				"          usr_creation_date,",
				"          usr_seq_old,",
				"          usr_login_date,",
				"          usr_login_name,",
				"          usr_display_name,",
				"          usr_email,",
				"          usr_failed_logins,",
				"          usr_active,",
				"          usr_prc_seq,",
				"          usr_utp_seq,",
				"          usr_off_seq,",
				"          h1_password,",
				"          {users@id},",
				"          {devices@id},",
				"          deviceid,",
				"          id,",
				"          name",
				"     ),",
				"     skipDuplicateMapInputs: true,",
				"     skipDuplicateMapOutputs: true) ~> select2",
				"split2@DeviceDoesNotExistUnitDoesNotExist select(mapColumn(",
				"          unt_seq,",
				"          unt_seq_old,",
				"          unt_nxt_version,",
				"          unt_id,",
				"          unt_ip,",
				"          unt_last_ping,",
				"          unt_srl_num,",
				"          unt_login_name,",
				"          unt_login_pass,",
				"          unt_monitor_port,",
				"          unt_dl_priority,",
				"          unt_playback_port,",
				"          unt_upd_cnt,",
				"          unt_type,",
				"          unt_active,",
				"          unt_status,",
				"          unt_version,",
				"          unt_last_comm,",
				"          unt_creation_time,",
				"          unt_update_time,",
				"          unt_last_download_date,",
				"          dvr_officer_id,",
				"          dvr_officer_name,",
				"          dvr_officer_title,",
				"          dvr_wireless_ip,",
				"          dvr_dhcp,",
				"          dvr_gateway,",
				"          dvr_mask,",
				"          unt_place_holder,",
				"          unt_main_board,",
				"          unt_video_board,",
				"          unt_product_code,",
				"          unt_prc_seq,",
				"          mtp_seq,",
				"          unt_grp_seq,",
				"          usr_seq,",
				"          usr_creation_date,",
				"          usr_seq_old,",
				"          usr_login_date,",
				"          usr_login_name,",
				"          usr_display_name,",
				"          usr_email,",
				"          usr_failed_logins,",
				"          usr_active,",
				"          usr_prc_seq,",
				"          usr_utp_seq,",
				"          usr_off_seq,",
				"          h1_password,",
				"          {users@id},",
				"          {devices@id},",
				"          deviceid,",
				"          id,",
				"          name",
				"     ),",
				"     skipDuplicateMapInputs: true,",
				"     skipDuplicateMapOutputs: true) ~> SelectBothDoesNotExist",
				"joinwithtmpunit split(equals(unt_id,name),",
				"     disjoint: false) ~> split3@(DeviceExistUnitExist, DeviceExistUnitDoesNotExist)",
				"split3@DeviceExistUnitExist select(mapColumn(",
				"          unt_seq,",
				"          unt_seq_old,",
				"          unt_nxt_version,",
				"          unt_id,",
				"          unt_ip,",
				"          unt_last_ping,",
				"          unt_srl_num,",
				"          unt_login_name,",
				"          unt_login_pass,",
				"          unt_monitor_port,",
				"          unt_dl_priority,",
				"          unt_playback_port,",
				"          unt_upd_cnt,",
				"          unt_type,",
				"          unt_active,",
				"          unt_status,",
				"          unt_version,",
				"          unt_last_comm,",
				"          unt_creation_time,",
				"          unt_update_time,",
				"          unt_last_download_date,",
				"          dvr_officer_id,",
				"          dvr_officer_name,",
				"          dvr_officer_title,",
				"          dvr_wireless_ip,",
				"          dvr_dhcp,",
				"          dvr_gateway,",
				"          dvr_mask,",
				"          unt_place_holder,",
				"          unt_main_board,",
				"          unt_video_board,",
				"          unt_product_code,",
				"          unt_prc_seq,",
				"          mtp_seq,",
				"          unt_grp_seq,",
				"          usr_seq,",
				"          usr_creation_date,",
				"          usr_seq_old,",
				"          usr_login_date,",
				"          usr_login_name,",
				"          usr_display_name,",
				"          usr_email,",
				"          usr_failed_logins,",
				"          usr_active,",
				"          usr_prc_seq,",
				"          usr_utp_seq,",
				"          usr_off_seq,",
				"          h1_password,",
				"          {users@id},",
				"          {devices@id},",
				"          deviceid,",
				"          id,",
				"          name",
				"     ),",
				"     skipDuplicateMapInputs: true,",
				"     skipDuplicateMapOutputs: true) ~> DeviceExistUnitExist",
				"union1, unittsunits exists(union1@unt_seq == unittsunits@unt_seq,",
				"     negate:true,",
				"     broadcast: 'auto')~> DoesNotExistUnitMapping",
				"DeviceExistUnitExist, select2 union(byName: true)~> union1",
				"split3@DeviceExistUnitDoesNotExist select(mapColumn(",
				"          unt_seq,",
				"          unt_seq_old,",
				"          unt_nxt_version,",
				"          unt_id,",
				"          unt_ip,",
				"          unt_last_ping,",
				"          unt_srl_num,",
				"          unt_login_name,",
				"          unt_login_pass,",
				"          unt_monitor_port,",
				"          unt_dl_priority,",
				"          unt_playback_port,",
				"          unt_upd_cnt,",
				"          unt_type,",
				"          unt_active,",
				"          unt_status,",
				"          unt_version,",
				"          unt_last_comm,",
				"          unt_creation_time,",
				"          unt_update_time,",
				"          unt_last_download_date,",
				"          dvr_officer_id,",
				"          dvr_officer_name,",
				"          dvr_officer_title,",
				"          dvr_wireless_ip,",
				"          dvr_dhcp,",
				"          dvr_gateway,",
				"          dvr_mask,",
				"          unt_place_holder,",
				"          unt_main_board,",
				"          unt_video_board,",
				"          unt_product_code,",
				"          unt_prc_seq,",
				"          mtp_seq,",
				"          unt_grp_seq,",
				"          usr_seq,",
				"          usr_creation_date,",
				"          usr_seq_old,",
				"          usr_login_date,",
				"          usr_login_name,",
				"          usr_display_name,",
				"          usr_email,",
				"          usr_failed_logins,",
				"          usr_active,",
				"          usr_prc_seq,",
				"          usr_utp_seq,",
				"          usr_off_seq,",
				"          h1_password,",
				"          {users@id},",
				"          {devices@id},",
				"          deviceid,",
				"          id,",
				"          name",
				"     ),",
				"     skipDuplicateMapInputs: true,",
				"     skipDuplicateMapOutputs: true) ~> select3",
				"select3, SelectBothDoesNotExist union(byName: true)~> union2",
				"DoesNotExistUnitMapping sink(allowSchemaDrift: true,",
				"     validateSchema: false,",
				"     deletable:false,",
				"     insertable:true,",
				"     updateable:false,",
				"     upsertable:false,",
				"     format: 'table',",
				"     skipDuplicateMapInputs: true,",
				"     skipDuplicateMapOutputs: true,",
				"     mapColumn(",
				"          unt_seq,",
				"          id",
				"     )) ~> sink1",
				"union2 sink(validateSchema: false,",
				"     skipDuplicateMapInputs: true,",
				"     skipDuplicateMapOutputs: true,",
				"     store: 'cache',",
				"     format: 'inline',",
				"     output: true,",
				"     saveOrder: 1) ~> sink2"
			]
		}
	}
}