{
	"name": "df_users",
	"properties": {
		"folder": {
			"name": "Transformation to Nexus API's"
		},
		"type": "MappingDataFlow",
		"typeProperties": {
			"sources": [
				{
					"dataset": {
						"referenceName": "ds_transformation_db",
						"type": "DatasetReference"
					},
					"name": "Transformation"
				},
				{
					"dataset": {
						"referenceName": "ds_transformation_db",
						"type": "DatasetReference"
					},
					"name": "Bridge"
				},
				{
					"dataset": {
						"referenceName": "ds_transformation_db",
						"type": "DatasetReference"
					},
					"name": "tmpusers"
				}
			],
			"sinks": [
				{
					"dataset": {
						"referenceName": "ds_transformation_db",
						"type": "DatasetReference"
					},
					"name": "usertsecusers"
				},
				{
					"name": "sink1"
				}
			],
			"transformations": [
				{
					"name": "doesnot"
				},
				{
					"name": "derivedColumn"
				},
				{
					"name": "join"
				},
				{
					"name": "CheckUserDoesnotExit"
				}
			],
			"scriptLines": [
				"source(output(",
				"          usr_seq as long,",
				"          usr_creation_date as timestamp,",
				"          usr_seq_old as long,",
				"          usr_login_date as timestamp,",
				"          usr_login_name as string,",
				"          usr_display_name as string,",
				"          usr_email as string,",
				"          usr_failed_logins as integer,",
				"          usr_active as string,",
				"          usr_prc_seq as long,",
				"          usr_utp_seq as long,",
				"          usr_off_seq as long,",
				"          h1_password as string",
				"     ),",
				"     allowSchemaDrift: true,",
				"     validateSchema: false,",
				"     isolationLevel: 'READ_UNCOMMITTED',",
				"     format: 'table') ~> Transformation",
				"source(output(",
				"          usr_seq as long,",
				"          id as string",
				"     ),",
				"     allowSchemaDrift: true,",
				"     validateSchema: false,",
				"     isolationLevel: 'READ_UNCOMMITTED',",
				"     format: 'table') ~> Bridge",
				"source(output(",
				"          id as string,",
				"          email as string,",
				"          firstname as string,",
				"          lastname as string,",
				"          evidenceroom_id as string,",
				"          active as string,",
				"          activedirectory as string",
				"     ),",
				"     allowSchemaDrift: true,",
				"     validateSchema: false,",
				"     isolationLevel: 'READ_UNCOMMITTED',",
				"     format: 'table') ~> tmpusers",
				"Transformation, tmpusers exists(usr_email == email,",
				"     negate:true,",
				"     broadcast: 'left')~> doesnot",
				"doesnot derive(firstName = case(\r",
				"length(\r",
				"substring(regexReplace(usr_display_name, '([&<>\"])',''), 0, instr(usr_display_name,',')-1)) == 0, \r",
				"regexReplace(usr_display_name, '([&<>\"])',' '),  \r",
				"substring(regexReplace(usr_display_name, '([&<>\"])',''), 0, instr(usr_display_name,',')-1)),",
				"          lastName = case(\r",
				"length(\r",
				"trim(substring(regexReplace(usr_display_name, '([&<>\"])',''), instr(usr_display_name,',')+1)))  == 0, \r",
				"trim(regexReplace(usr_display_name, '([&<>\"])',' ')),  \r",
				"trim(substring(regexReplace(usr_display_name, '([&<>\"])',''), instr(usr_display_name,',')+1)))) ~> derivedColumn",
				"Transformation, tmpusers join(usr_email == email,",
				"     joinType:'left',",
				"     matchType:'exact',",
				"     ignoreSpaces: false,",
				"     broadcast: 'auto')~> join",
				"join, Bridge exists(Transformation@usr_seq == Bridge@usr_seq,",
				"     negate:true,",
				"     broadcast: 'auto')~> CheckUserDoesnotExit",
				"CheckUserDoesnotExit sink(allowSchemaDrift: true,",
				"     validateSchema: false,",
				"     deletable:false,",
				"     insertable:true,",
				"     updateable:false,",
				"     upsertable:false,",
				"     format: 'table',",
				"     skipDuplicateMapInputs: true,",
				"     skipDuplicateMapOutputs: true,",
				"     saveOrder: 0,",
				"     mapColumn(",
				"          id,",
				"          usr_seq",
				"     )) ~> usertsecusers",
				"derivedColumn sink(validateSchema: false,",
				"     skipDuplicateMapInputs: true,",
				"     skipDuplicateMapOutputs: true,",
				"     store: 'cache',",
				"     format: 'inline',",
				"     output: true,",
				"     saveOrder: 1) ~> sink1"
			]
		}
	}
}