{
	"name": "ls_db_system_audit",
	"properties": {
		"description": "connecting to system audit in nexus",
		"annotations": [],
		"type": "AzureMySql",
		"typeProperties": {
			"connectionString": {
				"type": "AzureKeyVaultSecret",
				"store": {
					"referenceName": "ls_migration_engine_kv",
					"type": "LinkedServiceReference"
				},
				"secretName": "dev-desm-systemaudit-dbconnection"
			}
		},
		"connectVia": {
			"referenceName": "integrationRuntimeVnet",
			"type": "IntegrationRuntimeReference"
		}
	}
}