{
	"name": "ls_db_media_management",
	"properties": {
		"description": "connecting to media management database",
		"annotations": [],
		"type": "AzureMySql",
		"typeProperties": {
			"connectionString": {
				"type": "AzureKeyVaultSecret",
				"store": {
					"referenceName": "ls_migration_engine_kv",
					"type": "LinkedServiceReference"
				},
				"secretName": "dev-desm-mediamanagement-dbconnection"
			}
		},
		"connectVia": {
			"referenceName": "integrationRuntimeVnet",
			"type": "IntegrationRuntimeReference"
		}
	}
}