{
	"name": "ls_db_des_onsite",
	"properties": {
		"description": "connecting des onsite ",
		"annotations": [],
		"type": "PostgreSql",
		"typeProperties": {
			"connectionString": {
				"type": "AzureKeyVaultSecret",
				"store": {
					"referenceName": "ls_migration_engine_kv",
					"type": "LinkedServiceReference"
				},
				"secretName": "dev-desm-des-dbconnection",
				"secretVersion": "4a6ddd45ac9c44398a6dc93f8bbd86a5"
			}
		},
		"connectVia": {
			"referenceName": "dev-desm-shir",
			"type": "IntegrationRuntimeReference"
		}
	}
}