{
	"name": "pl_until",
	"properties": {
		"activities": [
			{
				"name": "Until1",
				"type": "Until",
				"dependsOn": [],
				"userProperties": [],
				"typeProperties": {
					"expression": {
						"value": "@bool('false')",
						"type": "Expression"
					},
					"activities": [
						{
							"name": "Set variable1",
							"type": "SetVariable",
							"dependsOn": [],
							"policy": {
								"secureOutput": false,
								"secureInput": false
							},
							"userProperties": [],
							"typeProperties": {
								"variableName": "testuntil",
								"value": "9999999"
							}
						}
					],
					"timeout": "0.00:00:30"
				}
			},
			{
				"name": "Wait1",
				"type": "Wait",
				"dependsOn": [
					{
						"activity": "Until1",
						"dependencyConditions": [
							"Completed"
						]
					}
				],
				"userProperties": [],
				"typeProperties": {
					"waitTimeInSeconds": 1
				}
			},
			{
				"name": "Copy data1",
				"type": "Copy",
				"dependsOn": [],
				"policy": {
					"timeout": "0.12:00:00",
					"retry": 0,
					"retryIntervalInSeconds": 30,
					"secureOutput": false,
					"secureInput": false
				},
				"userProperties": [],
				"typeProperties": {
					"source": {
						"type": "DelimitedTextSource",
						"storeSettings": {
							"type": "AzureBlobStorageReadSettings",
							"recursive": true,
							"enablePartitionDiscovery": false
						},
						"formatSettings": {
							"type": "DelimitedTextReadSettings"
						}
					},
					"sink": {
						"type": "RestSink",
						"httpRequestTimeout": "00:05:00",
						"requestInterval": 10,
						"requestMethod": "POST",
						"writeBatchSize": 10000,
						"httpCompressionType": "none"
					},
					"enableStaging": false,
					"translator": {
						"type": "TabularTranslator",
						"mappings": [
							{
								"source": {
									"name": "userId",
									"type": "String"
								},
								"sink": {
									"path": "$['userId']"
								}
							},
							{
								"source": {
									"name": "firstname",
									"type": "String"
								},
								"sink": {
									"path": "$['firstname']"
								}
							},
							{
								"source": {
									"name": "lastname",
									"type": "String"
								},
								"sink": {
									"path": "$['lastname']"
								}
							},
							{
								"source": {
									"name": "fullname",
									"type": "String"
								},
								"sink": {
									"path": "$['fullname']"
								}
							},
							{
								"source": {
									"name": "password",
									"type": "String"
								},
								"sink": {
									"path": "$['password']"
								}
							},
							{
								"source": {
									"name": "officerTitle",
									"type": "String"
								},
								"sink": {
									"path": "$['officerTitle']"
								}
							},
							{
								"source": {
									"name": "officerID",
									"type": "String"
								},
								"sink": {
									"path": "$['officerID']"
								}
							},
							{
								"source": {
									"name": "OperatorID",
									"type": "String"
								},
								"sink": {
									"path": "$['OperatorID']"
								}
							},
							{
								"source": {
									"name": "email",
									"type": "String"
								},
								"sink": {
									"path": "$['email']"
								}
							}
						]
					}
				},
				"inputs": [
					{
						"referenceName": "ds_csv",
						"type": "DatasetReference"
					}
				],
				"outputs": [
					{
						"referenceName": "restdataset",
						"type": "DatasetReference"
					}
				]
			}
		],
		"variables": {
			"testuntil": {
				"type": "String",
				"defaultValue": "100"
			}
		},
		"annotations": []
	}
}