{
	"name": "pl_cases",
	"properties": {
		"activities": [
			{
				"name": "copy_data_sink_cases",
				"type": "Copy",
				"dependsOn": [],
				"policy": {
					"timeout": "0.12:00:00",
					"retry": 0,
					"retryIntervalInSeconds": 30,
					"secureOutput": false,
					"secureInput": false
				},
				"userProperties": [],
				"typeProperties": {
					"source": {
						"type": "AzurePostgreSqlSource",
						"query": {
							"value": "select cas_seq,id,\ncase when rnk>=2 then concat(CaseNumber,substring(id,1,6)) else CaseNumber end as CaseNumber,\nSummary,RetentionDate,Created,EvidenceRoomId,AuthorId,Updated,Status,Title,Timestamp,KeepForever,AccessClass,IsSynchronized\n from \n(select a.* ,ROW_NUMBER () OVER (PARTITION BY CaseNumber ORDER BY CaseNumber) as rnk from \n(select a.cas_seq,\n       md5(a.cas_seq::text)::uuid::VARCHAR  as Id,\n       case when length(substring(a.cas_number,0,50))=0 then md5(a.cas_seq::TEXT)::uuid::VARCHAR  else a.cas_number end as CaseNumber, \n       '' as Summary ,\n       a.cas_removal_date as RetentionDate ,\n       a.cas_create_date as Created ,\n       case when cas_ccl_seq= 1 then '@{pipeline().globalParameters.classified_evidence_room}'\n            else '@{pipeline().globalParameters.default_evidence_room}'\n       end as EvidenceRoomId ,\n       b.id as AuthorId ,\n       '' as Updated ,\n       case when c.mst_desc ='Online' then 'Online' else 'Purged' end as Status , \n       a.cas_dsp_name as Title ,\n       a.cas_case_date as Timestamp ,\n       0 as KeepForever ,\n       'Unrestricted' AccessClass,\n       1 as IsSynchronized\n from fb.case_folder a \nleft join bridge.user_tsec_users b \non cas_usr_seq=b.usr_seq\nleft join fb.media_status c \non a.cas_sta_seq=c.mst_seq \nleft join bridge.cases d  \non a.cas_seq=d.cas_seq  \nwhere d.cas_seq is null) a ) b",
							"type": "Expression"
						},
						"partitionOption": "None"
					},
					"sink": {
						"type": "AzurePostgreSQLSink",
						"writeBatchSize": 1000000,
						"writeBatchTimeout": "00:30:00",
						"writeMethod": "CopyCommand"
					},
					"enableStaging": false,
					"translator": {
						"type": "TabularTranslator",
						"mappings": [
							{
								"source": {
									"name": "cas_seq"
								},
								"sink": {
									"name": "cas_seq"
								}
							},
							{
								"source": {
									"name": "id"
								},
								"sink": {
									"name": "id"
								}
							},
							{
								"source": {
									"name": "casenumber"
								},
								"sink": {
									"name": "casenumber"
								}
							},
							{
								"source": {
									"name": "retentiondate"
								},
								"sink": {
									"name": "retentiondate"
								}
							},
							{
								"source": {
									"name": "created"
								},
								"sink": {
									"name": "created"
								}
							},
							{
								"source": {
									"name": "evidenceroomid"
								},
								"sink": {
									"name": "evidenceroomid"
								}
							},
							{
								"source": {
									"name": "authorid"
								},
								"sink": {
									"name": "authorid"
								}
							},
							{
								"source": {
									"name": "status"
								},
								"sink": {
									"name": "status"
								}
							},
							{
								"source": {
									"name": "title"
								},
								"sink": {
									"name": "title"
								}
							},
							{
								"source": {
									"name": "timestamp"
								},
								"sink": {
									"name": "timestamp"
								}
							},
							{
								"source": {
									"name": "keepforever"
								},
								"sink": {
									"name": "keepforever"
								}
							},
							{
								"source": {
									"name": "accessclass"
								},
								"sink": {
									"name": "accessclass"
								}
							},
							{
								"source": {
									"name": "issynchronized"
								},
								"sink": {
									"name": "issynchronized"
								}
							}
						],
						"typeConversion": true,
						"typeConversionSettings": {
							"allowDataTruncation": true,
							"treatBooleanAsNumber": false
						}
					}
				},
				"inputs": [
					{
						"referenceName": "ds_transformation_db",
						"type": "DatasetReference",
						"parameters": {
							"table_schema": "''",
							"table_name": "''"
						}
					}
				],
				"outputs": [
					{
						"referenceName": "ds_transformation_db",
						"type": "DatasetReference",
						"parameters": {
							"table_schema": "bridge",
							"table_name": "cases"
						}
					}
				]
			},
			{
				"name": "copy_data_nexus_cases_to_tmp_cases",
				"type": "Copy",
				"dependsOn": [],
				"policy": {
					"timeout": "0.12:00:00",
					"retry": 0,
					"retryIntervalInSeconds": 30,
					"secureOutput": false,
					"secureInput": false
				},
				"userProperties": [],
				"typeProperties": {
					"source": {
						"type": "AzureMySqlSource",
						"queryTimeout": "02:00:00"
					},
					"sink": {
						"type": "AzurePostgreSQLSink",
						"writeBatchSize": 1000000,
						"writeBatchTimeout": "00:30:00",
						"preCopyScript": {
							"value": "truncate table bridge.tmp_cases",
							"type": "Expression"
						},
						"writeMethod": "CopyCommand"
					},
					"enableStaging": false,
					"translator": {
						"type": "TabularTranslator",
						"mappings": [
							{
								"source": {
									"name": "Id",
									"type": "String"
								},
								"sink": {
									"name": "id"
								}
							}
						],
						"typeConversion": true,
						"typeConversionSettings": {
							"allowDataTruncation": true,
							"treatBooleanAsNumber": false
						}
					}
				},
				"inputs": [
					{
						"referenceName": "ds_media_managment_db",
						"type": "DatasetReference",
						"parameters": {
							"table_name": "cases"
						}
					}
				],
				"outputs": [
					{
						"referenceName": "ds_transformation_db",
						"type": "DatasetReference",
						"parameters": {
							"table_schema": "bridge",
							"table_name": "tmp_cases"
						}
					}
				]
			},
			{
				"name": "copy_data_sink_to_nexus_cases",
				"type": "Copy",
				"dependsOn": [
					{
						"activity": "copy_data_sink_cases",
						"dependencyConditions": [
							"Succeeded"
						]
					},
					{
						"activity": "copy_data_nexus_cases_to_tmp_cases",
						"dependencyConditions": [
							"Succeeded"
						]
					}
				],
				"policy": {
					"timeout": "0.12:00:00",
					"retry": 0,
					"retryIntervalInSeconds": 30,
					"secureOutput": false,
					"secureInput": false
				},
				"userProperties": [],
				"typeProperties": {
					"source": {
						"type": "AzurePostgreSqlSource",
						"query": {
							"value": "select a.* from bridge.cases a \nleft join bridge.tmp_cases b \non a.id=b.id \nwhere b.id is null",
							"type": "Expression"
						},
						"partitionOption": "None"
					},
					"sink": {
						"type": "AzureMySqlSink",
						"writeBatchSize": 10000,
						"writeBatchTimeout": "00:00:30"
					},
					"enableStaging": false,
					"translator": {
						"type": "TabularTranslator",
						"mappings": [
							{
								"source": {
									"name": "id"
								},
								"sink": {
									"name": "Id",
									"type": "String"
								}
							},
							{
								"source": {
									"name": "casenumber"
								},
								"sink": {
									"name": "CaseNumber",
									"type": "String"
								}
							},
							{
								"source": {
									"name": "summary"
								},
								"sink": {
									"name": "Summary",
									"type": "String"
								}
							},
							{
								"source": {
									"name": "retentiondate"
								},
								"sink": {
									"name": "RetentionDate",
									"type": "DateTime"
								}
							},
							{
								"source": {
									"name": "created"
								},
								"sink": {
									"name": "Created",
									"type": "DateTime"
								}
							},
							{
								"source": {
									"name": "evidenceroomid"
								},
								"sink": {
									"name": "EvidenceRoomId",
									"type": "String"
								}
							},
							{
								"source": {
									"name": "authorid"
								},
								"sink": {
									"name": "AuthorId",
									"type": "String"
								}
							},
							{
								"source": {
									"name": "updated"
								},
								"sink": {
									"name": "Updated",
									"type": "DateTime"
								}
							},
							{
								"source": {
									"name": "status"
								},
								"sink": {
									"name": "Status",
									"type": "String"
								}
							},
							{
								"source": {
									"name": "title"
								},
								"sink": {
									"name": "Title",
									"type": "String"
								}
							},
							{
								"source": {
									"name": "timestamp"
								},
								"sink": {
									"name": "Timestamp",
									"type": "DateTime"
								}
							},
							{
								"source": {
									"name": "keepforever"
								},
								"sink": {
									"name": "KeepForever",
									"type": "Int16"
								}
							},
							{
								"source": {
									"name": "accessclass"
								},
								"sink": {
									"name": "AccessClass",
									"type": "String"
								}
							},
							{
								"source": {
									"name": "issynchronized"
								},
								"sink": {
									"name": "IsSynchronized",
									"type": "Int16"
								}
							}
						],
						"typeConversion": true,
						"typeConversionSettings": {
							"allowDataTruncation": true,
							"treatBooleanAsNumber": true
						}
					}
				},
				"inputs": [
					{
						"referenceName": "ds_transformation_db",
						"type": "DatasetReference",
						"parameters": {
							"table_schema": "''",
							"table_name": "''"
						}
					}
				],
				"outputs": [
					{
						"referenceName": "ds_media_managment_db",
						"type": "DatasetReference",
						"parameters": {
							"table_name": "cases"
						}
					}
				]
			},
			{
				"name": "log_error_trans_nexus",
				"type": "Copy",
				"dependsOn": [
					{
						"activity": "copy_data_sink_to_nexus_cases",
						"dependencyConditions": [
							"Failed"
						]
					}
				],
				"policy": {
					"timeout": "7.00:00:00",
					"retry": 0,
					"retryIntervalInSeconds": 30,
					"secureOutput": false,
					"secureInput": false
				},
				"userProperties": [],
				"typeProperties": {
					"source": {
						"type": "AzureMySqlSource",
						"query": {
							"value": "SELECT \n'@{pipeline().DataFactory}' as data_factory_name,\n'@{pipeline().Pipeline}' as pipeline_name,\n'@{pipeline().RunId}' as run_id,\n'@{pipeline().TriggerType}' as trigger_type,\n'@{pipeline().TriggerId}' as trigger_id,\n'@{pipeline().TriggerName}' as trigger_name,\n'@{div(sub(ticks(adddays(pipeline().TriggerTime, -0)), ticks('1970-01-01')),10000000)}' as trigger_time,\n'@{replace(activity('copy_data_sink_to_nexus_cases').error.message,'''','')}' as error_description,\n'@{activity('copy_data_sink_to_nexus_cases').error.errorCode}' as error_code,\n'@{div(sub(ticks(adddays(utcnow(), -0)), ticks('1970-01-01')),10000000)}' as error_logged_time,\n'@{activity('copy_data_sink_to_nexus_cases').error.failureType}' as failure_type,\n'files' as entity_name,\n'@{activity('copy_data_sink_to_nexus_cases').ActivityRunId}' as activity_run_id,\n'@{pipeline().parameters.p_data_migration_audit_id}' as data_migration_audit_id,\n'@{pipeline().parameters.p_created_by}' as created_by,\n'@{div(sub(ticks(adddays(pipeline().TriggerTime, -0)), ticks('1970-01-01')),10000000)}'\tas created_on,\n''as modified_by,\n0 as modified_on,\n1 as active",
							"type": "Expression"
						},
						"queryTimeout": "02:00:00"
					},
					"sink": {
						"type": "AzureMySqlSink",
						"writeBatchSize": 10000,
						"writeBatchTimeout": "00:00:30"
					},
					"enableStaging": false
				},
				"inputs": [
					{
						"referenceName": "ds_datamigration_db",
						"type": "DatasetReference",
						"parameters": {
							"table_name": "adf_pipeline_errors"
						}
					}
				],
				"outputs": [
					{
						"referenceName": "ds_datamigration_db",
						"type": "DatasetReference",
						"parameters": {
							"table_name": "adf_pipeline_errors"
						}
					}
				]
			},
			{
				"name": "log_success_DES_trans",
				"type": "Copy",
				"dependsOn": [
					{
						"activity": "copy_data_sink_to_nexus_cases",
						"dependencyConditions": [
							"Succeeded"
						]
					}
				],
				"policy": {
					"timeout": "7.00:00:00",
					"retry": 0,
					"retryIntervalInSeconds": 30,
					"secureOutput": false,
					"secureInput": false
				},
				"userProperties": [],
				"typeProperties": {
					"source": {
						"type": "AzureMySqlSource",
						"query": {
							"value": "SELECT \n '@{pipeline().DataFactory}' as data_factory_name,\n '@{pipeline().Pipeline}' as pipeline_name,\n '@{pipeline().RunId}' as run_id,\n '@{pipeline().TriggerType}' as trigger_type,\n '@{pipeline().TriggerId}' as trigger_id,\n '@{div(sub(ticks(adddays(pipeline().TriggerTime, -1)), ticks('1970-01-01')),10000000)}' as trigger_time,\n '@{pipeline().TriggerName}' as trigger_name,\n '@{activity('copy_data_sink_to_nexus_cases').output.rowsCopied}' as rows_copied,\n '@{activity('copy_data_sink_to_nexus_cases').output.DataRead}' as data_read,\n '@{activity('copy_data_sink_to_nexus_cases').output.usedParallelCopies}' as no_parallel_copies,\n '@{activity('copy_data_sink_to_nexus_cases').output.copyDuration}' as copy_duration_in_secs,\n '@{activity('copy_data_sink_to_nexus_cases').output.effectiveIntegrationRuntime}' as effective_integration_run_time,\n '@{activity('copy_data_sink_to_nexus_cases').output.executionDetails[0].source.type}' as source_type,\n '@{activity('copy_data_sink_to_nexus_cases').output.executionDetails[0].sink.type}' as sink_type,\n '@{activity('copy_data_sink_to_nexus_cases').output.executionDetails[0].status}' as execution_status,\n '@{div(sub(ticks(adddays(activity('copy_data_sink_to_nexus_cases').output.executionDetails[0].start, -1)), ticks('1970-01-01')),10000000)}' as copy_activity_start_time,\n '@{div(sub(ticks(adddays(utcnow(), -1)), ticks('1970-01-01')),10000000)}' as copy_activity_end_time,\n '@{activity('copy_data_sink_to_nexus_cases').output.executionDetails[0].detailedDurations.queuingDuration}' as copy_activity_queuing_duration_in_secs,\n '@{activity('copy_data_sink_to_nexus_cases').output.executionDetails[0].detailedDurations.transferDuration}' as copy_activity_transfer_duration_in_secs,\n 'cases' as entity_name,\n '@{activity('copy_data_sink_to_nexus_cases').ActivityRunId}' as activity_run_id,\n '@{pipeline().parameters.p_data_migration_audit_id}' as data_migration_audit_id,\n '@{pipeline().parameters.p_created_by}' as created_by,\n '@{div(sub(ticks(adddays(pipeline().TriggerTime, -1)), ticks('1970-01-01')),10000000)}'as created_on,\n '' as modified_by,\n  0 as modified_on,\n 1 as active",
							"type": "Expression"
						},
						"queryTimeout": "02:00:00"
					},
					"sink": {
						"type": "AzureMySqlSink",
						"writeBatchSize": 10000,
						"writeBatchTimeout": "00:00:30"
					},
					"enableStaging": false
				},
				"inputs": [
					{
						"referenceName": "ds_datamigration_db",
						"type": "DatasetReference",
						"parameters": {
							"table_name": "adf_pipeline_logs"
						}
					}
				],
				"outputs": [
					{
						"referenceName": "ds_datamigration_db",
						"type": "DatasetReference",
						"parameters": {
							"table_name": "adf_pipeline_logs"
						}
					}
				]
			}
		],
		"parameters": {
			"p_data_migration_audit_id": {
				"type": "int"
			},
			"p_created_by": {
				"type": "string"
			}
		},
		"variables": {
			"case": {
				"type": "String"
			}
		},
		"folder": {
			"name": "transformation_to_nexus_api/transformation_to_nexus_db_to_db"
		},
		"annotations": []
	}
}