{
	"name": "pl_chains",
	"properties": {
		"activities": [
			{
				"name": "copy_data_sink_chains",
				"type": "Copy",
				"dependsOn": [],
				"policy": {
					"timeout": "0.12:00:00",
					"retry": 0,
					"retryIntervalInSeconds": 30,
					"secureOutput": false,
					"secureInput": false
				},
				"userProperties": [],
				"typeProperties": {
					"source": {
						"type": "AzurePostgreSqlSource",
						"query": {
							"value": "select med_seq,\nmd5(med_seq::text)::uuid as Id,\nid as AggregateId,\n'Evidence' as AggregateName,\n'EvidenceMigratedfromDES' as EventType,\ntimezone('utc', now()) as EventDate,\n'DES Migration' as ServiceId,\n'System' as User,\nconcat('{','\"UUID\"', ' : ' ,'\"','@{pipeline().globalParameters.customer}','\",','\"tenant_id\"',' : ','\"','@{pipeline().globalParameters.tenant_id}','\",' , '\"desm_media_id\"',' : ','\"',med_seq,'\"','}') as Body,\ntimezone('utc', now()) as CreatedAt,\nsha256(concat('{','\"UUID\"', ' : ' ,'\"','@{pipeline().globalParameters.customer}','\",','\"tenant_id\"',' : ','\"','@{pipeline().globalParameters.tenant_id}','\",' , '\"desm_media_id\"',' : ','\"',med_seq,'\"','}')::bytea) as Hash \nfrom bridge.evidences",
							"type": "Expression"
						},
						"partitionOption": "None"
					},
					"sink": {
						"type": "AzurePostgreSQLSink",
						"writeBatchSize": 1000000,
						"writeBatchTimeout": "00:30:00",
						"preCopyScript": {
							"value": "truncate table bridge.chains",
							"type": "Expression"
						},
						"writeMethod": "CopyCommand"
					},
					"enableStaging": false,
					"translator": {
						"type": "TabularTranslator",
						"mappings": [
							{
								"source": {
									"name": "id"
								},
								"sink": {
									"name": "id"
								}
							},
							{
								"source": {
									"name": "aggregateid"
								},
								"sink": {
									"name": "aggregateid"
								}
							},
							{
								"source": {
									"name": "aggregatename"
								},
								"sink": {
									"name": "aggregatename"
								}
							},
							{
								"source": {
									"name": "eventtype"
								},
								"sink": {
									"name": "eventtype"
								}
							},
							{
								"source": {
									"name": "eventdate"
								},
								"sink": {
									"name": "eventdate"
								}
							},
							{
								"source": {
									"name": "serviceid"
								},
								"sink": {
									"name": "serviceid"
								}
							},
							{
								"source": {
									"name": "user"
								},
								"sink": {
									"name": "users"
								}
							},
							{
								"source": {
									"name": "body"
								},
								"sink": {
									"name": "body"
								}
							},
							{
								"source": {
									"name": "createdat"
								},
								"sink": {
									"name": "createdat"
								}
							},
							{
								"source": {
									"name": "hash"
								},
								"sink": {
									"name": "hash"
								}
							}
						],
						"typeConversion": true,
						"typeConversionSettings": {
							"allowDataTruncation": true,
							"treatBooleanAsNumber": false
						}
					}
				},
				"inputs": [
					{
						"referenceName": "ds_transformation_db",
						"type": "DatasetReference",
						"parameters": {
							"table_schema": "''",
							"table_name": "''"
						}
					}
				],
				"outputs": [
					{
						"referenceName": "ds_transformation_db",
						"type": "DatasetReference",
						"parameters": {
							"table_schema": "bridge",
							"table_name": "chains"
						}
					}
				]
			},
			{
				"name": "copy_data_nexus_chains_to_tmp_chains",
				"type": "Copy",
				"dependsOn": [],
				"policy": {
					"timeout": "0.12:00:00",
					"retry": 0,
					"retryIntervalInSeconds": 30,
					"secureOutput": false,
					"secureInput": false
				},
				"userProperties": [],
				"typeProperties": {
					"source": {
						"type": "AzureMySqlSource",
						"queryTimeout": "02:00:00"
					},
					"sink": {
						"type": "AzurePostgreSQLSink",
						"writeBatchSize": 1000000,
						"writeBatchTimeout": "00:30:00",
						"preCopyScript": {
							"value": "truncate table bridge.tmp_chains",
							"type": "Expression"
						},
						"writeMethod": "CopyCommand"
					},
					"enableStaging": false,
					"translator": {
						"type": "TabularTranslator",
						"mappings": [
							{
								"source": {
									"name": "Id",
									"type": "String"
								},
								"sink": {
									"name": "id"
								}
							}
						],
						"typeConversion": true,
						"typeConversionSettings": {
							"allowDataTruncation": true,
							"treatBooleanAsNumber": false
						}
					}
				},
				"inputs": [
					{
						"referenceName": "ds_system_audit",
						"type": "DatasetReference",
						"parameters": {
							"table_name": "chains"
						}
					}
				],
				"outputs": [
					{
						"referenceName": "ds_transformation_db",
						"type": "DatasetReference",
						"parameters": {
							"table_schema": "bridge",
							"table_name": "tmp_chains"
						}
					}
				]
			},
			{
				"name": "copy_data_sink_chains_to_nexus_chains",
				"type": "Copy",
				"dependsOn": [
					{
						"activity": "copy_data_sink_chains",
						"dependencyConditions": [
							"Succeeded"
						]
					},
					{
						"activity": "copy_data_nexus_chains_to_tmp_chains",
						"dependencyConditions": [
							"Succeeded"
						]
					}
				],
				"policy": {
					"timeout": "0.12:00:00",
					"retry": 0,
					"retryIntervalInSeconds": 30,
					"secureOutput": false,
					"secureInput": false
				},
				"userProperties": [],
				"typeProperties": {
					"source": {
						"type": "AzurePostgreSqlSource",
						"query": {
							"value": "select a.* from bridge.chains a \nleft join bridge.tmp_chains b \non a.id=b.id \nwhere b.id is null",
							"type": "Expression"
						},
						"partitionOption": "None"
					},
					"sink": {
						"type": "AzureMySqlSink",
						"writeBatchSize": 10000,
						"writeBatchTimeout": "00:00:30"
					},
					"enableStaging": false,
					"translator": {
						"type": "TabularTranslator",
						"mappings": [
							{
								"source": {
									"name": "id"
								},
								"sink": {
									"name": "Id",
									"type": "String"
								}
							},
							{
								"source": {
									"name": "aggregateid"
								},
								"sink": {
									"name": "AggregateId",
									"type": "String"
								}
							},
							{
								"source": {
									"name": "aggregatename"
								},
								"sink": {
									"name": "AggregateName",
									"type": "String"
								}
							},
							{
								"source": {
									"name": "eventtype"
								},
								"sink": {
									"name": "EventType",
									"type": "String"
								}
							},
							{
								"source": {
									"name": "ipaddress"
								},
								"sink": {
									"name": "IpAddress",
									"type": "String"
								}
							},
							{
								"source": {
									"name": "eventdate"
								},
								"sink": {
									"name": "EventDate",
									"type": "DateTime"
								}
							},
							{
								"source": {
									"name": "serviceid"
								},
								"sink": {
									"name": "ServiceId",
									"type": "String"
								}
							},
							{
								"source": {
									"name": "users"
								},
								"sink": {
									"name": "User",
									"type": "String"
								}
							},
							{
								"source": {
									"name": "body"
								},
								"sink": {
									"name": "Body",
									"type": "String"
								}
							},
							{
								"source": {
									"name": "createdat"
								},
								"sink": {
									"name": "CreatedAt",
									"type": "DateTime"
								}
							},
							{
								"source": {
									"name": "previousid"
								},
								"sink": {
									"name": "PreviousId",
									"type": "String"
								}
							},
							{
								"source": {
									"name": "hash"
								},
								"sink": {
									"name": "Hash",
									"type": "String"
								}
							},
							{
								"source": {
									"name": "previoushash"
								},
								"sink": {
									"name": "PreviousHash",
									"type": "String"
								}
							}
						],
						"typeConversion": true,
						"typeConversionSettings": {
							"allowDataTruncation": true,
							"treatBooleanAsNumber": false
						}
					}
				},
				"inputs": [
					{
						"referenceName": "ds_transformation_db",
						"type": "DatasetReference",
						"parameters": {
							"table_schema": "''",
							"table_name": "''"
						}
					}
				],
				"outputs": [
					{
						"referenceName": "ds_system_audit",
						"type": "DatasetReference",
						"parameters": {
							"table_name": "chains"
						}
					}
				]
			},
			{
				"name": "log_error_trans_nexus",
				"type": "Copy",
				"dependsOn": [
					{
						"activity": "copy_data_sink_chains_to_nexus_chains",
						"dependencyConditions": [
							"Failed"
						]
					}
				],
				"policy": {
					"timeout": "7.00:00:00",
					"retry": 0,
					"retryIntervalInSeconds": 30,
					"secureOutput": false,
					"secureInput": false
				},
				"userProperties": [],
				"typeProperties": {
					"source": {
						"type": "AzureMySqlSource",
						"query": {
							"value": "SELECT \n'@{pipeline().DataFactory}' as data_factory_name,\n'@{pipeline().Pipeline}' as pipeline_name,\n'@{pipeline().RunId}' as run_id,\n'@{pipeline().TriggerType}' as trigger_type,\n'@{pipeline().TriggerId}' as trigger_id,\n'@{pipeline().TriggerName}' as trigger_name,\n'@{div(sub(ticks(adddays(pipeline().TriggerTime, -0)), ticks('1970-01-01')),10000000)}' as trigger_time,\n'@{replace(activity('copy_data_sink_chains_to_nexus_chains').error.message,'''','')}' as error_description,\n'@{activity('copy_data_sink_chains_to_nexus_chains').error.errorCode}' as error_code,\n'@{div(sub(ticks(adddays(utcnow(), -0)), ticks('1970-01-01')),10000000)}' as error_logged_time,\n'@{activity('copy_data_sink_chains_to_nexus_chains').error.failureType}' as failure_type,\n'chains' as entity_name,\n'@{activity('copy_data_sink_chains_to_nexus_chains').ActivityRunId}' as activity_run_id,\n'@{pipeline().parameters.p_data_migration_audit_id}' as data_migration_audit_id,\n'@{pipeline().parameters.p_created_by}' as created_by,\n'@{div(sub(ticks(adddays(pipeline().TriggerTime, -0)), ticks('1970-01-01')),10000000)}'\tas created_on,\n''as modified_by,\n0 as modified_on,\n1 as active",
							"type": "Expression"
						},
						"queryTimeout": "02:00:00"
					},
					"sink": {
						"type": "AzureMySqlSink",
						"writeBatchSize": 10000,
						"writeBatchTimeout": "00:00:30"
					},
					"enableStaging": false
				},
				"inputs": [
					{
						"referenceName": "ds_datamigration_db",
						"type": "DatasetReference",
						"parameters": {
							"table_name": "adf_pipeline_errors"
						}
					}
				],
				"outputs": [
					{
						"referenceName": "ds_datamigration_db",
						"type": "DatasetReference",
						"parameters": {
							"table_name": "adf_pipeline_errors"
						}
					}
				]
			},
			{
				"name": "log_success_trans_nexus",
				"type": "Copy",
				"dependsOn": [
					{
						"activity": "copy_data_sink_chains_to_nexus_chains",
						"dependencyConditions": [
							"Succeeded"
						]
					}
				],
				"policy": {
					"timeout": "7.00:00:00",
					"retry": 0,
					"retryIntervalInSeconds": 30,
					"secureOutput": false,
					"secureInput": false
				},
				"userProperties": [],
				"typeProperties": {
					"source": {
						"type": "AzureMySqlSource",
						"query": {
							"value": "SELECT \n '@{pipeline().DataFactory}' as data_factory_name,\n '@{pipeline().Pipeline}' as pipeline_name,\n '@{pipeline().RunId}' as run_id,\n '@{pipeline().TriggerType}' as trigger_type,\n '@{pipeline().TriggerId}' as trigger_id,\n '@{div(sub(ticks(adddays(pipeline().TriggerTime, -1)), ticks('1970-01-01')),10000000)}' as trigger_time,\n '@{pipeline().TriggerName}' as trigger_name,\n '@{activity('copy_data_sink_chains_to_nexus_chains').output.rowsCopied}' as rows_copied,\n '@{activity('copy_data_sink_chains_to_nexus_chains').output.DataRead}' as data_read,\n '@{activity('copy_data_sink_chains_to_nexus_chains').output.usedParallelCopies}' as no_parallel_copies,\n '@{activity('copy_data_sink_chains_to_nexus_chains').output.copyDuration}' as copy_duration_in_secs,\n '@{activity('copy_data_sink_chains_to_nexus_chains').output.effectiveIntegrationRuntime}' as effective_integration_run_time,\n '@{activity('copy_data_sink_chains_to_nexus_chains').output.executionDetails[0].source.type}' as source_type,\n '@{activity('copy_data_sink_chains_to_nexus_chains').output.executionDetails[0].sink.type}' as sink_type,\n '@{activity('copy_data_sink_chains_to_nexus_chains').output.executionDetails[0].status}' as execution_status,\n '@{div(sub(ticks(adddays(activity('copy_data_sink_chains_to_nexus_chains').output.executionDetails[0].start, -1)), ticks('1970-01-01')),10000000)}' as copy_activity_start_time,\n '@{div(sub(ticks(adddays(utcnow(), -1)), ticks('1970-01-01')),10000000)}' as copy_activity_end_time,\n '@{activity('copy_data_sink_chains_to_nexus_chains').output.executionDetails[0].detailedDurations.queuingDuration}' as copy_activity_queuing_duration_in_secs,\n '@{activity('copy_data_sink_chains_to_nexus_chains').output.executionDetails[0].detailedDurations.transferDuration}' as copy_activity_transfer_duration_in_secs,\n 'chains' as entity_name,\n '@{activity('copy_data_sink_chains_to_nexus_chains').ActivityRunId}' as activity_run_id,\n '@{pipeline().parameters.p_data_migration_audit_id}' as data_migration_audit_id,\n '@{pipeline().parameters.p_created_by}' as created_by,\n '@{div(sub(ticks(adddays(pipeline().TriggerTime, -1)), ticks('1970-01-01')),10000000)}'as created_on,\n '' as modified_by,\n  0 as modified_on,\n 1 as active",
							"type": "Expression"
						},
						"queryTimeout": "02:00:00"
					},
					"sink": {
						"type": "AzureMySqlSink",
						"writeBatchSize": 10000,
						"writeBatchTimeout": "00:00:30"
					},
					"enableStaging": false
				},
				"inputs": [
					{
						"referenceName": "ds_datamigration_db",
						"type": "DatasetReference",
						"parameters": {
							"table_name": "adf_pipeline_logs"
						}
					}
				],
				"outputs": [
					{
						"referenceName": "ds_datamigration_db",
						"type": "DatasetReference",
						"parameters": {
							"table_name": "adf_pipeline_logs"
						}
					}
				]
			}
		],
		"parameters": {
			"p_data_migration_audit_id": {
				"type": "int"
			},
			"p_created_by": {
				"type": "string"
			}
		},
		"folder": {
			"name": "transformation_to_nexus_api/transformation_to_nexus_db_to_db"
		},
		"annotations": []
	}
}