{
	"name": "pl_comments",
	"properties": {
		"activities": [
			{
				"name": "copy_data_sink_comments",
				"type": "Copy",
				"dependsOn": [],
				"policy": {
					"timeout": "0.12:00:00",
					"retry": 0,
					"retryIntervalInSeconds": 30,
					"secureOutput": false,
					"secureInput": false
				},
				"userProperties": [],
				"typeProperties": {
					"source": {
						"type": "AzurePostgreSqlSource",
						"query": {
							"value": "select a.com_seq,\nmd5(a.com_seq::text)::uuid as id,\ne.id as AuthorId,\nsubstring(a.com_text,0,250) as content,\ncom_date as created,\nd.id as evidenceid, c.rownum\n from fb.case_comment a \nleft join fb.case_folder b\non a.com_cas_seq=b.cas_seq\nleft join \n(select b.mcf_cas_seq,b.mcf_med_seq ,row_number() OVER ( partition by b.mcf_cas_seq order by b.mcf_med_seq asc ) as rownum from fb.media_case_folder b) c \non b.cas_seq=c.mcf_cas_seq\nleft join bridge.evidences d \non c.mcf_med_seq=d.med_seq\nleft join bridge.user_tsec_users e \non a.com_usr_seq=e.usr_seq \nleft join bridge.comments f \non a.com_seq=f.com_seq\nwhere c.rownum=1 and d.id is not null and f.com_seq is null",
							"type": "Expression"
						},
						"partitionOption": "None"
					},
					"sink": {
						"type": "AzurePostgreSQLSink",
						"writeBatchSize": 1000000,
						"writeBatchTimeout": "00:30:00",
						"writeMethod": "CopyCommand"
					},
					"enableStaging": false,
					"translator": {
						"type": "TabularTranslator",
						"mappings": [
							{
								"source": {
									"name": "com_seq"
								},
								"sink": {
									"name": "com_seq"
								}
							},
							{
								"source": {
									"name": "id"
								},
								"sink": {
									"name": "id"
								}
							},
							{
								"source": {
									"name": "authorid"
								},
								"sink": {
									"name": "authorid"
								}
							},
							{
								"source": {
									"name": "content"
								},
								"sink": {
									"name": "content"
								}
							},
							{
								"source": {
									"name": "created"
								},
								"sink": {
									"name": "created"
								}
							},
							{
								"source": {
									"name": "evidenceid"
								},
								"sink": {
									"name": "evidenceid"
								}
							}
						],
						"typeConversion": true,
						"typeConversionSettings": {
							"allowDataTruncation": true,
							"treatBooleanAsNumber": false
						}
					}
				},
				"inputs": [
					{
						"referenceName": "ds_transformation_db",
						"type": "DatasetReference",
						"parameters": {
							"table_schema": "''",
							"table_name": "''"
						}
					}
				],
				"outputs": [
					{
						"referenceName": "ds_transformation_db",
						"type": "DatasetReference",
						"parameters": {
							"table_schema": "bridge",
							"table_name": "comments"
						}
					}
				]
			},
			{
				"name": "copy_data_nexus_comments_to_tmp_comments",
				"type": "Copy",
				"dependsOn": [],
				"policy": {
					"timeout": "0.12:00:00",
					"retry": 0,
					"retryIntervalInSeconds": 30,
					"secureOutput": false,
					"secureInput": false
				},
				"userProperties": [],
				"typeProperties": {
					"source": {
						"type": "AzureMySqlSource",
						"queryTimeout": "02:00:00"
					},
					"sink": {
						"type": "AzurePostgreSQLSink",
						"writeBatchSize": 1000000,
						"writeBatchTimeout": "00:30:00",
						"preCopyScript": {
							"value": "truncate table bridge.tmp_comments",
							"type": "Expression"
						},
						"writeMethod": "CopyCommand"
					},
					"enableStaging": false,
					"translator": {
						"type": "TabularTranslator",
						"mappings": [
							{
								"source": {
									"name": "Id",
									"type": "String"
								},
								"sink": {
									"name": "id"
								}
							}
						],
						"typeConversion": true,
						"typeConversionSettings": {
							"allowDataTruncation": true,
							"treatBooleanAsNumber": false
						}
					}
				},
				"inputs": [
					{
						"referenceName": "ds_media_managment_db",
						"type": "DatasetReference",
						"parameters": {
							"table_name": "comments"
						}
					}
				],
				"outputs": [
					{
						"referenceName": "ds_transformation_db",
						"type": "DatasetReference",
						"parameters": {
							"table_schema": "bridge",
							"table_name": "tmp_comments"
						}
					}
				]
			},
			{
				"name": "copy_data_sink_comments _to_nexus_comments",
				"type": "Copy",
				"dependsOn": [
					{
						"activity": "copy_data_sink_comments",
						"dependencyConditions": [
							"Succeeded"
						]
					},
					{
						"activity": "copy_data_nexus_comments_to_tmp_comments",
						"dependencyConditions": [
							"Succeeded"
						]
					}
				],
				"policy": {
					"timeout": "0.12:00:00",
					"retry": 0,
					"retryIntervalInSeconds": 30,
					"secureOutput": false,
					"secureInput": false
				},
				"userProperties": [],
				"typeProperties": {
					"source": {
						"type": "AzurePostgreSqlSource",
						"query": {
							"value": "select a.* from bridge.comments a \nleft join bridge.tmp_comments b \non a.id=b.id \nwhere b.id is null",
							"type": "Expression"
						},
						"partitionOption": "None"
					},
					"sink": {
						"type": "AzureMySqlSink",
						"writeBatchSize": 10000,
						"writeBatchTimeout": "00:00:30"
					},
					"enableStaging": false,
					"translator": {
						"type": "TabularTranslator",
						"mappings": [
							{
								"source": {
									"name": "id"
								},
								"sink": {
									"name": "Id",
									"type": "String"
								}
							},
							{
								"source": {
									"name": "authorid"
								},
								"sink": {
									"name": "AuthorId",
									"type": "String"
								}
							},
							{
								"source": {
									"name": "content"
								},
								"sink": {
									"name": "Content",
									"type": "String"
								}
							},
							{
								"source": {
									"name": "created"
								},
								"sink": {
									"name": "Created",
									"type": "DateTime"
								}
							},
							{
								"source": {
									"name": "evidenceid"
								},
								"sink": {
									"name": "EvidenceId",
									"type": "String"
								}
							},
							{
								"source": {
									"name": "updated"
								},
								"sink": {
									"name": "Updated",
									"type": "DateTime"
								}
							}
						],
						"typeConversion": true,
						"typeConversionSettings": {
							"allowDataTruncation": true,
							"treatBooleanAsNumber": false
						}
					}
				},
				"inputs": [
					{
						"referenceName": "ds_transformation_db",
						"type": "DatasetReference",
						"parameters": {
							"table_schema": "''",
							"table_name": "''"
						}
					}
				],
				"outputs": [
					{
						"referenceName": "ds_media_managment_db",
						"type": "DatasetReference",
						"parameters": {
							"table_name": "comments"
						}
					}
				]
			},
			{
				"name": "log_error_trans_nexus",
				"type": "Copy",
				"dependsOn": [
					{
						"activity": "copy_data_sink_comments _to_nexus_comments",
						"dependencyConditions": [
							"Failed"
						]
					}
				],
				"policy": {
					"timeout": "7.00:00:00",
					"retry": 0,
					"retryIntervalInSeconds": 30,
					"secureOutput": false,
					"secureInput": false
				},
				"userProperties": [],
				"typeProperties": {
					"source": {
						"type": "AzureMySqlSource",
						"query": {
							"value": "SELECT \n'@{pipeline().DataFactory}' as data_factory_name,\n'@{pipeline().Pipeline}' as pipeline_name,\n'@{pipeline().RunId}' as run_id,\n'@{pipeline().TriggerType}' as trigger_type,\n'@{pipeline().TriggerId}' as trigger_id,\n'@{pipeline().TriggerName}' as trigger_name,\n'@{div(sub(ticks(adddays(pipeline().TriggerTime, -0)), ticks('1970-01-01')),10000000)}' as trigger_time,\n'@{replace(activity('copy_data_sink_comments _to_nexus_comments').error.message,'''','')}' as error_description,\n'@{activity('copy_data_sink_comments _to_nexus_comments').error.errorCode}' as error_code,\n'@{div(sub(ticks(adddays(utcnow(), -0)), ticks('1970-01-01')),10000000)}' as error_logged_time,\n'@{activity('copy_data_sink_comments _to_nexus_comments').error.failureType}' as failure_type,\n'comments' as entity_name,\n'@{activity('copy_data_sink_comments _to_nexus_comments').ActivityRunId}' as activity_run_id,\n'@{pipeline().parameters.p_data_migration_audit_id}' as data_migration_audit_id,\n'@{pipeline().parameters.p_created_by}' as created_by,\n'@{div(sub(ticks(adddays(pipeline().TriggerTime, -0)), ticks('1970-01-01')),10000000)}'\tas created_on,\n''as modified_by,\n0 as modified_on,\n1 as active",
							"type": "Expression"
						},
						"queryTimeout": "02:00:00"
					},
					"sink": {
						"type": "AzureMySqlSink",
						"writeBatchSize": 10000,
						"writeBatchTimeout": "00:00:30"
					},
					"enableStaging": false
				},
				"inputs": [
					{
						"referenceName": "ds_datamigration_db",
						"type": "DatasetReference",
						"parameters": {
							"table_name": "adf_pipeline_errors"
						}
					}
				],
				"outputs": [
					{
						"referenceName": "ds_datamigration_db",
						"type": "DatasetReference",
						"parameters": {
							"table_name": "adf_pipeline_errors"
						}
					}
				]
			},
			{
				"name": "log_success_trans_nexus",
				"type": "Copy",
				"dependsOn": [
					{
						"activity": "copy_data_sink_comments _to_nexus_comments",
						"dependencyConditions": [
							"Succeeded"
						]
					}
				],
				"policy": {
					"timeout": "7.00:00:00",
					"retry": 0,
					"retryIntervalInSeconds": 30,
					"secureOutput": false,
					"secureInput": false
				},
				"userProperties": [],
				"typeProperties": {
					"source": {
						"type": "AzureMySqlSource",
						"query": {
							"value": "SELECT \n '@{pipeline().DataFactory}' as data_factory_name,\n '@{pipeline().Pipeline}' as pipeline_name,\n '@{pipeline().RunId}' as run_id,\n '@{pipeline().TriggerType}' as trigger_type,\n '@{pipeline().TriggerId}' as trigger_id,\n '@{div(sub(ticks(adddays(pipeline().TriggerTime, -1)), ticks('1970-01-01')),10000000)}' as trigger_time,\n '@{pipeline().TriggerName}' as trigger_name,\n '@{activity('copy_data_sink_comments _to_nexus_comments').output.rowsCopied}' as rows_copied,\n '@{activity('copy_data_sink_comments _to_nexus_comments').output.DataRead}' as data_read,\n '@{activity('copy_data_sink_comments _to_nexus_comments').output.usedParallelCopies}' as no_parallel_copies,\n '@{activity('copy_data_sink_comments _to_nexus_comments').output.copyDuration}' as copy_duration_in_secs,\n '@{activity('copy_data_sink_comments _to_nexus_comments').output.effectiveIntegrationRuntime}' as effective_integration_run_time,\n '@{activity('copy_data_sink_comments _to_nexus_comments').output.executionDetails[0].source.type}' as source_type,\n '@{activity('copy_data_sink_comments _to_nexus_comments').output.executionDetails[0].sink.type}' as sink_type,\n '@{activity('copy_data_sink_comments _to_nexus_comments').output.executionDetails[0].status}' as execution_status,\n '@{div(sub(ticks(adddays(activity('copy_data_sink_comments _to_nexus_comments').output.executionDetails[0].start, -1)), ticks('1970-01-01')),10000000)}' as copy_activity_start_time,\n '@{div(sub(ticks(adddays(utcnow(), -1)), ticks('1970-01-01')),10000000)}' as copy_activity_end_time,\n '@{activity('copy_data_sink_comments _to_nexus_comments').output.executionDetails[0].detailedDurations.queuingDuration}' as copy_activity_queuing_duration_in_secs,\n '@{activity('copy_data_sink_comments _to_nexus_comments').output.executionDetails[0].detailedDurations.transferDuration}' as copy_activity_transfer_duration_in_secs,\n 'comments' as entity_name,\n '@{activity('copy_data_sink_comments _to_nexus_comments').ActivityRunId}' as activity_run_id,\n '@{pipeline().parameters.p_data_migration_audit_id}' as data_migration_audit_id,\n '@{pipeline().parameters.p_created_by}' as created_by,\n '@{div(sub(ticks(adddays(pipeline().TriggerTime, -1)), ticks('1970-01-01')),10000000)}'as created_on,\n '' as modified_by,\n  0 as modified_on,\n 1 as active",
							"type": "Expression"
						},
						"queryTimeout": "02:00:00"
					},
					"sink": {
						"type": "AzureMySqlSink",
						"writeBatchSize": 10000,
						"writeBatchTimeout": "00:00:30"
					},
					"enableStaging": false
				},
				"inputs": [
					{
						"referenceName": "ds_datamigration_db",
						"type": "DatasetReference",
						"parameters": {
							"table_name": "adf_pipeline_logs"
						}
					}
				],
				"outputs": [
					{
						"referenceName": "ds_datamigration_db",
						"type": "DatasetReference",
						"parameters": {
							"table_name": "adf_pipeline_logs"
						}
					}
				]
			}
		],
		"parameters": {
			"p_data_migration_audit_id": {
				"type": "int"
			},
			"p_created_by": {
				"type": "string"
			}
		},
		"folder": {
			"name": "transformation_to_nexus_api/transformation_to_nexus_db_to_db"
		},
		"annotations": []
	}
}