{
	"name": "pl_evidences",
	"properties": {
		"activities": [
			{
				"name": "lookup_evidencenumber",
				"type": "Lookup",
				"dependsOn": [],
				"policy": {
					"timeout": "0.12:00:00",
					"retry": 0,
					"retryIntervalInSeconds": 30,
					"secureOutput": false,
					"secureInput": false
				},
				"userProperties": [],
				"typeProperties": {
					"source": {
						"type": "AzureMySqlSource",
						"query": {
							"value": "select next_not_cached_value from dev_desm_media_management.evidencenumber",
							"type": "Expression"
						},
						"queryTimeout": "02:00:00"
					},
					"dataset": {
						"referenceName": "ds_media_managment_db",
						"type": "DatasetReference",
						"parameters": {
							"table_name": "\""
						}
					},
					"firstRowOnly": true
				}
			},
			{
				"name": "lookup_media",
				"type": "Lookup",
				"dependsOn": [],
				"policy": {
					"timeout": "0.12:00:00",
					"retry": 0,
					"retryIntervalInSeconds": 30,
					"secureOutput": false,
					"secureInput": false
				},
				"userProperties": [],
				"typeProperties": {
					"source": {
						"type": "AzurePostgreSqlSource",
						"query": "select * from fb.media",
						"partitionOption": "None"
					},
					"dataset": {
						"referenceName": "ds_transformation_db",
						"type": "DatasetReference",
						"parameters": {
							"table_schema": "\"",
							"table_name": "\""
						}
					},
					"firstRowOnly": false
				}
			},
			{
				"name": "adding _to_next_cache_value",
				"type": "SetVariable",
				"dependsOn": [
					{
						"activity": "lookup_evidencenumber",
						"dependencyConditions": [
							"Succeeded"
						]
					}
				],
				"userProperties": [],
				"typeProperties": {
					"variableName": "evidencenumber_count",
					"value": {
						"value": "@string(add(activity('lookup_evidencenumber').output.firstRow.next_not_cached_value,100))",
						"type": "Expression"
					}
				}
			},
			{
				"name": "no_of_records_in_des_media",
				"type": "SetVariable",
				"dependsOn": [
					{
						"activity": "lookup_media",
						"dependencyConditions": [
							"Succeeded"
						]
					}
				],
				"userProperties": [],
				"typeProperties": {
					"variableName": "media_count",
					"value": {
						"value": "@string(activity('lookup_media').output.count)",
						"type": "Expression"
					}
				}
			},
			{
				"name": "next_cache_value",
				"type": "SetVariable",
				"dependsOn": [
					{
						"activity": "adding _to_next_cache_value",
						"dependencyConditions": [
							"Succeeded"
						]
					},
					{
						"activity": "no_of_records_in_des_media",
						"dependencyConditions": [
							"Succeeded"
						]
					}
				],
				"userProperties": [],
				"typeProperties": {
					"variableName": "new_number",
					"value": {
						"value": "@string(add(int(variables('evidencenumber_count')),int(variables('media_count'))))",
						"type": "Expression"
					}
				}
			},
			{
				"name": "update_next_cache_value",
				"type": "Copy",
				"dependsOn": [
					{
						"activity": "next_cache_value",
						"dependencyConditions": [
							"Succeeded"
						]
					}
				],
				"policy": {
					"timeout": "0.12:00:00",
					"retry": 0,
					"retryIntervalInSeconds": 30,
					"secureOutput": false,
					"secureInput": false
				},
				"userProperties": [],
				"typeProperties": {
					"source": {
						"type": "AzureMySqlSource",
						"query": {
							"value": "SELECT * FROM dev_desm_media_management.evidencenumber where 1=2",
							"type": "Expression"
						},
						"queryTimeout": "02:00:00"
					},
					"sink": {
						"type": "AzureMySqlSink",
						"writeBatchSize": 10000,
						"writeBatchTimeout": "00:00:30",
						"preCopyScript": {
							"value": "ALTER SEQUENCE dev_desm_media_management.evidencenumber restart  = @{variables('new_number')};",
							"type": "Expression"
						}
					},
					"enableStaging": false,
					"translator": {
						"type": "TabularTranslator",
						"typeConversion": true,
						"typeConversionSettings": {
							"allowDataTruncation": true,
							"treatBooleanAsNumber": false
						}
					}
				},
				"inputs": [
					{
						"referenceName": "ds_media_managment_db",
						"type": "DatasetReference",
						"parameters": {
							"table_name": "evidencenumber"
						}
					}
				],
				"outputs": [
					{
						"referenceName": "ds_media_managment_db",
						"type": "DatasetReference",
						"parameters": {
							"table_name": "evidencenumber"
						}
					}
				]
			},
			{
				"name": "copy_data_to_sink_evidences",
				"type": "Copy",
				"dependsOn": [
					{
						"activity": "adding _to_next_cache_value",
						"dependencyConditions": [
							"Succeeded"
						]
					}
				],
				"policy": {
					"timeout": "0.12:00:00",
					"retry": 0,
					"retryIntervalInSeconds": 30,
					"secureOutput": false,
					"secureInput": false
				},
				"userProperties": [],
				"typeProperties": {
					"source": {
						"type": "AzurePostgreSqlSource",
						"query": {
							"value": "select distinct a.med_seq,\nmd5(a.med_seq::text)::uuid as Id,\t\n@{variables('evidencenumber_count')}+ row_number() OVER ( order by a.med_seq) as Number,\t\nb.id as CategoryId,\nmed_start_time as StartDateTime,\t\nmed_end_time as EndDateTime,\t\ncase when mst_desc ='Online' then 'Online' else 'Purged' end as Status,\t\ncase when h.numberOfMedias is null then 1 else h.numberOfMedias end as NumberOfMedias,\t\ne.id as AuthorId,\t\ncase when med_upld_owner_name is null then 'DeviceUpload' else 'ManualUpload' end as RequestType,\t\ncase when med_removal_time is null then coalesce(med_removal_time,timezone('utc', now())) + replace(split_part(mpr_days_online::text, ',', 1),' days' , '')::INTEGER * interval '1 day' else med_removal_time end  as RetentionCategoryDate,\t\ncase when f.cas_create_date is null then timezone('utc', now()) else f.cas_create_date end as Created,\t\n0 as IsSynchronized,\ng.mpr_desc as CategoryName,\nusr_display_name as UserName\n from fb.media a \nleft join bridge.media_priority_ts_evidence_categories b  \non a.med_pri_seq=b.mpr_seq\nleft join fb.media_status  c \non a.med_sta_seq=c.mst_Seq\nleft join fb.users d  \non COALESCE(a.med_dvr_off_name,a.med_upld_owner_name,a.med_upld_assigned_name)=d.usr_display_name\nleft join bridge.user_tsec_users e  \non d.usr_seq=e.usr_seq\nleft join fb.media_case_folder j\non a.med_seq=j.mcf_med_seq\nleft join fb.case_folder f  \non j.mcf_cas_seq=f.cas_seq \nleft join fb.media_priority g  \non a.med_pri_seq=g.mpr_seq  \nleft join (select med_group_id, count(*) as NumberOfMedias from fb.media group  by med_group_id) h\non a.med_group_id=h.med_group_id\nleft join bridge.evidences i  \non a.med_seq=i.med_seq \nwhere i.med_seq is null",
							"type": "Expression"
						},
						"partitionOption": "None"
					},
					"sink": {
						"type": "AzurePostgreSQLSink",
						"writeBatchSize": 1000000,
						"writeBatchTimeout": "00:30:00",
						"writeMethod": "CopyCommand"
					},
					"enableStaging": false,
					"translator": {
						"type": "TabularTranslator",
						"mappings": [
							{
								"source": {
									"name": "med_seq"
								},
								"sink": {
									"name": "med_seq"
								}
							},
							{
								"source": {
									"name": "id"
								},
								"sink": {
									"name": "id"
								}
							},
							{
								"source": {
									"name": "number"
								},
								"sink": {
									"name": "number"
								}
							},
							{
								"source": {
									"name": "categoryid"
								},
								"sink": {
									"name": "categoryid"
								}
							},
							{
								"source": {
									"name": "startdatetime"
								},
								"sink": {
									"name": "startdatetime"
								}
							},
							{
								"source": {
									"name": "enddatetime"
								},
								"sink": {
									"name": "enddatetime"
								}
							},
							{
								"source": {
									"name": "status"
								},
								"sink": {
									"name": "status"
								}
							},
							{
								"source": {
									"name": "numberofmedias"
								},
								"sink": {
									"name": "numberofmedias"
								}
							},
							{
								"source": {
									"name": "authorid"
								},
								"sink": {
									"name": "authorid"
								}
							},
							{
								"source": {
									"name": "requesttype"
								},
								"sink": {
									"name": "requesttype"
								}
							},
							{
								"source": {
									"name": "retentioncategorydate"
								},
								"sink": {
									"name": "retentioncategorydate"
								}
							},
							{
								"source": {
									"name": "created"
								},
								"sink": {
									"name": "created"
								}
							},
							{
								"source": {
									"name": "issynchronized"
								},
								"sink": {
									"name": "issynchronized"
								}
							},
							{
								"source": {
									"name": "categoryname"
								},
								"sink": {
									"name": "categoryname"
								}
							},
							{
								"source": {
									"name": "username"
								},
								"sink": {
									"name": "username"
								}
							}
						],
						"typeConversion": true,
						"typeConversionSettings": {
							"allowDataTruncation": true,
							"treatBooleanAsNumber": false
						}
					}
				},
				"inputs": [
					{
						"referenceName": "ds_transformation_db",
						"type": "DatasetReference",
						"parameters": {
							"table_schema": "''",
							"table_name": "''"
						}
					}
				],
				"outputs": [
					{
						"referenceName": "ds_transformation_db",
						"type": "DatasetReference",
						"parameters": {
							"table_schema": "bridge",
							"table_name": "evidences"
						}
					}
				]
			},
			{
				"name": "copy_data_nexus_evidences_to_tmp_evidences",
				"type": "Copy",
				"dependsOn": [],
				"policy": {
					"timeout": "0.12:00:00",
					"retry": 0,
					"retryIntervalInSeconds": 30,
					"secureOutput": false,
					"secureInput": false
				},
				"userProperties": [],
				"typeProperties": {
					"source": {
						"type": "AzureMySqlSource",
						"queryTimeout": "02:00:00"
					},
					"sink": {
						"type": "AzurePostgreSQLSink",
						"writeBatchSize": 1000000,
						"writeBatchTimeout": "00:30:00",
						"preCopyScript": {
							"value": "truncate table bridge.tmp_evidences",
							"type": "Expression"
						},
						"writeMethod": "CopyCommand"
					},
					"enableStaging": false,
					"translator": {
						"type": "TabularTranslator",
						"mappings": [
							{
								"source": {
									"name": "Id",
									"type": "String"
								},
								"sink": {
									"name": "id"
								}
							}
						],
						"typeConversion": true,
						"typeConversionSettings": {
							"allowDataTruncation": true,
							"treatBooleanAsNumber": false
						}
					}
				},
				"inputs": [
					{
						"referenceName": "ds_media_managment_db",
						"type": "DatasetReference",
						"parameters": {
							"table_name": "evidences"
						}
					}
				],
				"outputs": [
					{
						"referenceName": "ds_transformation_db",
						"type": "DatasetReference",
						"parameters": {
							"table_schema": "bridge",
							"table_name": "tmp_evidences"
						}
					}
				]
			},
			{
				"name": "copy_data_sink_evidences_to_nexus_evidences",
				"type": "Copy",
				"dependsOn": [
					{
						"activity": "copy_data_to_sink_evidences",
						"dependencyConditions": [
							"Succeeded"
						]
					},
					{
						"activity": "copy_data_nexus_evidences_to_tmp_evidences",
						"dependencyConditions": [
							"Succeeded"
						]
					}
				],
				"policy": {
					"timeout": "0.12:00:00",
					"retry": 0,
					"retryIntervalInSeconds": 30,
					"secureOutput": false,
					"secureInput": false
				},
				"userProperties": [],
				"typeProperties": {
					"source": {
						"type": "AzurePostgreSqlSource",
						"query": {
							"value": "select a.* from bridge.evidences a \nleft join bridge.tmp_evidences b \non a.id=b.id \nwhere b.id is null",
							"type": "Expression"
						},
						"partitionOption": "None"
					},
					"sink": {
						"type": "AzureMySqlSink",
						"writeBatchSize": 10000,
						"writeBatchTimeout": "00:00:30"
					},
					"enableStaging": false,
					"translator": {
						"type": "TabularTranslator",
						"mappings": [
							{
								"source": {
									"name": "id"
								},
								"sink": {
									"name": "Id",
									"type": "String"
								}
							},
							{
								"source": {
									"name": "number"
								},
								"sink": {
									"name": "Number",
									"type": "Int64"
								}
							},
							{
								"source": {
									"name": "categoryid"
								},
								"sink": {
									"name": "CategoryId",
									"type": "String"
								}
							},
							{
								"source": {
									"name": "startdatetime"
								},
								"sink": {
									"name": "StartDateTime",
									"type": "DateTime"
								}
							},
							{
								"source": {
									"name": "enddatetime"
								},
								"sink": {
									"name": "EndDateTime",
									"type": "DateTime"
								}
							},
							{
								"source": {
									"name": "status"
								},
								"sink": {
									"name": "Status",
									"type": "String"
								}
							},
							{
								"source": {
									"name": "numberofmedias"
								},
								"sink": {
									"name": "NumberOfMedias",
									"type": "Int32"
								}
							},
							{
								"source": {
									"name": "authorid"
								},
								"sink": {
									"name": "AuthorId",
									"type": "String"
								}
							},
							{
								"source": {
									"name": "partnerid"
								},
								"sink": {
									"name": "PartnerId",
									"type": "String"
								}
							},
							{
								"source": {
									"name": "recordtriggerid"
								},
								"sink": {
									"name": "RecordTriggerId",
									"type": "String"
								}
							},
							{
								"source": {
									"name": "requesttype"
								},
								"sink": {
									"name": "RequestType",
									"type": "String"
								}
							},
							{
								"source": {
									"name": "retentioncategorydate"
								},
								"sink": {
									"name": "RetentionCategoryDate",
									"type": "DateTime"
								}
							},
							{
								"source": {
									"name": "retentioncasedate"
								},
								"sink": {
									"name": "RetentionCaseDate",
									"type": "DateTime"
								}
							},
							{
								"source": {
									"name": "created"
								},
								"sink": {
									"name": "Created",
									"type": "DateTime"
								}
							},
							{
								"source": {
									"name": "updated"
								},
								"sink": {
									"name": "Updated",
									"type": "DateTime"
								}
							},
							{
								"source": {
									"name": "notes"
								},
								"sink": {
									"name": "Notes",
									"type": "String"
								}
							},
							{
								"source": {
									"name": "title"
								},
								"sink": {
									"name": "Title",
									"type": "String"
								}
							},
							{
								"source": {
									"name": "timestamp"
								},
								"sink": {
									"name": "Timestamp",
									"type": "DateTime"
								}
							},
							{
								"source": {
									"name": "issynchronized"
								},
								"sink": {
									"name": "IsSynchronized",
									"type": "Int16"
								}
							}
						],
						"typeConversion": true,
						"typeConversionSettings": {
							"allowDataTruncation": true,
							"treatBooleanAsNumber": true
						}
					}
				},
				"inputs": [
					{
						"referenceName": "ds_transformation_db",
						"type": "DatasetReference",
						"parameters": {
							"table_schema": "''",
							"table_name": "''"
						}
					}
				],
				"outputs": [
					{
						"referenceName": "ds_media_managment_db",
						"type": "DatasetReference",
						"parameters": {
							"table_name": "evidences"
						}
					}
				]
			},
			{
				"name": "copy_data_nexus_to_tmp_evidenceowners",
				"type": "Copy",
				"dependsOn": [],
				"policy": {
					"timeout": "0.12:00:00",
					"retry": 0,
					"retryIntervalInSeconds": 30,
					"secureOutput": false,
					"secureInput": false
				},
				"userProperties": [],
				"typeProperties": {
					"source": {
						"type": "AzureMySqlSource",
						"queryTimeout": "02:00:00"
					},
					"sink": {
						"type": "AzurePostgreSQLSink",
						"writeBatchSize": 1000000,
						"writeBatchTimeout": "00:30:00",
						"preCopyScript": {
							"value": "truncate table bridge.tmp_evidenceowners",
							"type": "Expression"
						},
						"writeMethod": "CopyCommand"
					},
					"enableStaging": false,
					"translator": {
						"type": "TabularTranslator",
						"mappings": [
							{
								"source": {
									"name": "EvidenceId",
									"type": "String"
								},
								"sink": {
									"name": "evidenceid"
								}
							},
							{
								"source": {
									"name": "OwnerId",
									"type": "String"
								},
								"sink": {
									"name": "ownerid"
								}
							}
						],
						"typeConversion": true,
						"typeConversionSettings": {
							"allowDataTruncation": true,
							"treatBooleanAsNumber": false
						}
					}
				},
				"inputs": [
					{
						"referenceName": "ds_media_managment_db",
						"type": "DatasetReference",
						"parameters": {
							"table_name": "evidenceowners"
						}
					}
				],
				"outputs": [
					{
						"referenceName": "ds_transformation_db",
						"type": "DatasetReference",
						"parameters": {
							"table_schema": "bridge",
							"table_name": "tmp_evidenceowners"
						}
					}
				]
			},
			{
				"name": "copy_data_sink_evidences_to_evidenceowners",
				"type": "Copy",
				"dependsOn": [
					{
						"activity": "copy_data_nexus_to_tmp_evidenceowners",
						"dependencyConditions": [
							"Succeeded"
						]
					},
					{
						"activity": "copy_data_to_sink_evidences",
						"dependencyConditions": [
							"Succeeded"
						]
					}
				],
				"policy": {
					"timeout": "0.12:00:00",
					"retry": 0,
					"retryIntervalInSeconds": 30,
					"secureOutput": false,
					"secureInput": false
				},
				"userProperties": [],
				"typeProperties": {
					"source": {
						"type": "AzurePostgreSqlSource",
						"query": {
							"value": "select a.* from bridge.evidences a \nleft join bridge.tmp_evidenceowners b \non a.id=b.EvidenceId\nwhere b.EvidenceId is null",
							"type": "Expression"
						},
						"partitionOption": "None"
					},
					"sink": {
						"type": "AzureMySqlSink",
						"writeBatchSize": 10000,
						"writeBatchTimeout": "00:00:30"
					},
					"enableStaging": false,
					"translator": {
						"type": "TabularTranslator",
						"mappings": [
							{
								"source": {
									"name": "id"
								},
								"sink": {
									"name": "EvidenceId",
									"type": "String"
								}
							},
							{
								"source": {
									"name": "authorid"
								},
								"sink": {
									"name": "OwnerId",
									"type": "String"
								}
							}
						],
						"typeConversion": true,
						"typeConversionSettings": {
							"allowDataTruncation": true,
							"treatBooleanAsNumber": false
						}
					}
				},
				"inputs": [
					{
						"referenceName": "ds_transformation_db",
						"type": "DatasetReference",
						"parameters": {
							"table_schema": "bridge",
							"table_name": "evidences"
						}
					}
				],
				"outputs": [
					{
						"referenceName": "ds_media_managment_db",
						"type": "DatasetReference",
						"parameters": {
							"table_name": "evidenceowners"
						}
					}
				]
			},
			{
				"name": "log_error_trans_nexus",
				"type": "Copy",
				"dependsOn": [
					{
						"activity": "copy_data_sink_evidences_to_nexus_evidences",
						"dependencyConditions": [
							"Failed"
						]
					}
				],
				"policy": {
					"timeout": "7.00:00:00",
					"retry": 0,
					"retryIntervalInSeconds": 30,
					"secureOutput": false,
					"secureInput": false
				},
				"userProperties": [],
				"typeProperties": {
					"source": {
						"type": "AzureMySqlSource",
						"query": {
							"value": "SELECT \n'@{pipeline().DataFactory}' as data_factory_name,\n'@{pipeline().Pipeline}' as pipeline_name,\n'@{pipeline().RunId}' as run_id,\n'@{pipeline().TriggerType}' as trigger_type,\n'@{pipeline().TriggerId}' as trigger_id,\n'@{pipeline().TriggerName}' as trigger_name,\n'@{div(sub(ticks(adddays(pipeline().TriggerTime, -0)), ticks('1970-01-01')),10000000)}' as trigger_time,\n'@{replace(activity('copy_data_sink_evidences_to_nexus_evidences').error.message,'''','')}' as error_description,\n'@{activity('copy_data_sink_evidences_to_nexus_evidences').error.errorCode}' as error_code,\n'@{div(sub(ticks(adddays(utcnow(), -0)), ticks('1970-01-01')),10000000)}' as error_logged_time,\n'@{activity('copy_data_sink_evidences_to_nexus_evidences').error.failureType}' as failure_type,\n'evidences' as entity_name,\n'@{activity('copy_data_sink_evidences_to_nexus_evidences').ActivityRunId}' as activity_run_id,\n'@{pipeline().parameters.p_data_migration_audit_id}' as data_migration_audit_id,\n'@{pipeline().parameters.p_created_by}' as created_by,\n'@{div(sub(ticks(adddays(pipeline().TriggerTime, -0)), ticks('1970-01-01')),10000000)}'\tas created_on,\n''as modified_by,\n0 as modified_on,\n1 as active",
							"type": "Expression"
						},
						"queryTimeout": "02:00:00"
					},
					"sink": {
						"type": "AzureMySqlSink",
						"writeBatchSize": 10000,
						"writeBatchTimeout": "00:00:30"
					},
					"enableStaging": false
				},
				"inputs": [
					{
						"referenceName": "ds_datamigration_db",
						"type": "DatasetReference",
						"parameters": {
							"table_name": "adf_pipeline_errors"
						}
					}
				],
				"outputs": [
					{
						"referenceName": "ds_datamigration_db",
						"type": "DatasetReference",
						"parameters": {
							"table_name": "adf_pipeline_errors"
						}
					}
				]
			},
			{
				"name": "log_success_trans_nexus",
				"type": "Copy",
				"dependsOn": [
					{
						"activity": "copy_data_sink_evidences_to_nexus_evidences",
						"dependencyConditions": [
							"Succeeded"
						]
					}
				],
				"policy": {
					"timeout": "7.00:00:00",
					"retry": 0,
					"retryIntervalInSeconds": 30,
					"secureOutput": false,
					"secureInput": false
				},
				"userProperties": [],
				"typeProperties": {
					"source": {
						"type": "AzureMySqlSource",
						"query": {
							"value": "SELECT \n '@{pipeline().DataFactory}' as data_factory_name,\n '@{pipeline().Pipeline}' as pipeline_name,\n '@{pipeline().RunId}' as run_id,\n '@{pipeline().TriggerType}' as trigger_type,\n '@{pipeline().TriggerId}' as trigger_id,\n '@{div(sub(ticks(adddays(pipeline().TriggerTime, -1)), ticks('1970-01-01')),10000000)}' as trigger_time,\n '@{pipeline().TriggerName}' as trigger_name,\n '@{activity('copy_data_sink_evidences_to_nexus_evidences').output.rowsCopied}' as rows_copied,\n '@{activity('copy_data_sink_evidences_to_nexus_evidences').output.DataRead}' as data_read,\n '@{activity('copy_data_sink_evidences_to_nexus_evidences').output.usedParallelCopies}' as no_parallel_copies,\n '@{activity('copy_data_sink_evidences_to_nexus_evidences').output.copyDuration}' as copy_duration_in_secs,\n '@{activity('copy_data_sink_evidences_to_nexus_evidences').output.effectiveIntegrationRuntime}' as effective_integration_run_time,\n '@{activity('copy_data_sink_evidences_to_nexus_evidences').output.executionDetails[0].source.type}' as source_type,\n '@{activity('copy_data_sink_evidences_to_nexus_evidences').output.executionDetails[0].sink.type}' as sink_type,\n '@{activity('copy_data_sink_evidences_to_nexus_evidences').output.executionDetails[0].status}' as execution_status,\n '@{div(sub(ticks(adddays(activity('copy_data_sink_evidences_to_nexus_evidences').output.executionDetails[0].start, -1)), ticks('1970-01-01')),10000000)}' as copy_activity_start_time,\n '@{div(sub(ticks(adddays(utcnow(), -1)), ticks('1970-01-01')),10000000)}' as copy_activity_end_time,\n '@{activity('copy_data_sink_evidences_to_nexus_evidences').output.executionDetails[0].detailedDurations.queuingDuration}' as copy_activity_queuing_duration_in_secs,\n '@{activity('copy_data_sink_evidences_to_nexus_evidences').output.executionDetails[0].detailedDurations.transferDuration}' as copy_activity_transfer_duration_in_secs,\n 'evidences' as entity_name,\n '@{activity('copy_data_sink_evidences_to_nexus_evidences').ActivityRunId}' as activity_run_id,\n '@{pipeline().parameters.p_data_migration_audit_id}' as data_migration_audit_id,\n '@{pipeline().parameters.p_created_by}' as created_by,\n '@{div(sub(ticks(adddays(pipeline().TriggerTime, -1)), ticks('1970-01-01')),10000000)}'as created_on,\n '' as modified_by,\n  0 as modified_on,\n 1 as active",
							"type": "Expression"
						},
						"queryTimeout": "02:00:00"
					},
					"sink": {
						"type": "AzureMySqlSink",
						"writeBatchSize": 10000,
						"writeBatchTimeout": "00:00:30"
					},
					"enableStaging": false
				},
				"inputs": [
					{
						"referenceName": "ds_datamigration_db",
						"type": "DatasetReference",
						"parameters": {
							"table_name": "adf_pipeline_logs"
						}
					}
				],
				"outputs": [
					{
						"referenceName": "ds_datamigration_db",
						"type": "DatasetReference",
						"parameters": {
							"table_name": "adf_pipeline_logs"
						}
					}
				]
			},
			{
				"name": "log_error_trans_nexus_copy",
				"type": "Copy",
				"dependsOn": [
					{
						"activity": "copy_data_sink_evidences_to_evidenceowners",
						"dependencyConditions": [
							"Failed"
						]
					}
				],
				"policy": {
					"timeout": "7.00:00:00",
					"retry": 0,
					"retryIntervalInSeconds": 30,
					"secureOutput": false,
					"secureInput": false
				},
				"userProperties": [],
				"typeProperties": {
					"source": {
						"type": "AzureMySqlSource",
						"query": {
							"value": "SELECT \n'@{pipeline().DataFactory}' as data_factory_name,\n'@{pipeline().Pipeline}' as pipeline_name,\n'@{pipeline().RunId}' as run_id,\n'@{pipeline().TriggerType}' as trigger_type,\n'@{pipeline().TriggerId}' as trigger_id,\n'@{pipeline().TriggerName}' as trigger_name,\n'@{div(sub(ticks(adddays(pipeline().TriggerTime, -0)), ticks('1970-01-01')),10000000)}' as trigger_time,\n'@{replace(activity('copy_data_sink_evidences_to_evidenceowners').error.message,'''','')}' as error_description,\n'@{activity('copy_data_sink_evidences_to_evidenceowners').error.errorCode}' as error_code,\n'@{div(sub(ticks(adddays(utcnow(), -0)), ticks('1970-01-01')),10000000)}' as error_logged_time,\n'@{activity('copy_data_sink_evidences_to_evidenceowners').error.failureType}' as failure_type,\n'evidenceowners' as entity_name,\n'@{activity('copy_data_sink_evidences_to_evidenceowners').ActivityRunId}' as activity_run_id,\n'@{pipeline().parameters.p_data_migration_audit_id}' as data_migration_audit_id,\n'@{pipeline().parameters.p_created_by}' as created_by,\n'@{div(sub(ticks(adddays(pipeline().TriggerTime, -0)), ticks('1970-01-01')),10000000)}'\tas created_on,\n''as modified_by,\n0 as modified_on,\n1 as active",
							"type": "Expression"
						},
						"queryTimeout": "02:00:00"
					},
					"sink": {
						"type": "AzureMySqlSink",
						"writeBatchSize": 10000,
						"writeBatchTimeout": "00:00:30"
					},
					"enableStaging": false
				},
				"inputs": [
					{
						"referenceName": "ds_datamigration_db",
						"type": "DatasetReference",
						"parameters": {
							"table_name": "adf_pipeline_errors"
						}
					}
				],
				"outputs": [
					{
						"referenceName": "ds_datamigration_db",
						"type": "DatasetReference",
						"parameters": {
							"table_name": "adf_pipeline_errors"
						}
					}
				]
			},
			{
				"name": "log_success_trans_nexus_copy",
				"type": "Copy",
				"dependsOn": [
					{
						"activity": "copy_data_sink_evidences_to_evidenceowners",
						"dependencyConditions": [
							"Succeeded"
						]
					}
				],
				"policy": {
					"timeout": "7.00:00:00",
					"retry": 0,
					"retryIntervalInSeconds": 30,
					"secureOutput": false,
					"secureInput": false
				},
				"userProperties": [],
				"typeProperties": {
					"source": {
						"type": "AzureMySqlSource",
						"query": {
							"value": "SELECT \n '@{pipeline().DataFactory}' as data_factory_name,\n '@{pipeline().Pipeline}' as pipeline_name,\n '@{pipeline().RunId}' as run_id,\n '@{pipeline().TriggerType}' as trigger_type,\n '@{pipeline().TriggerId}' as trigger_id,\n '@{div(sub(ticks(adddays(pipeline().TriggerTime, -1)), ticks('1970-01-01')),10000000)}' as trigger_time,\n '@{pipeline().TriggerName}' as trigger_name,\n '@{activity('copy_data_sink_evidences_to_evidenceowners').output.rowsCopied}' as rows_copied,\n '@{activity('copy_data_sink_evidences_to_evidenceowners').output.DataRead}' as data_read,\n '@{activity('copy_data_sink_evidences_to_evidenceowners').output.usedParallelCopies}' as no_parallel_copies,\n '@{activity('copy_data_sink_evidences_to_evidenceowners').output.copyDuration}' as copy_duration_in_secs,\n '@{activity('copy_data_sink_evidences_to_evidenceowners').output.effectiveIntegrationRuntime}' as effective_integration_run_time,\n '@{activity('copy_data_sink_evidences_to_evidenceowners').output.executionDetails[0].source.type}' as source_type,\n '@{activity('copy_data_sink_evidences_to_evidenceowners').output.executionDetails[0].sink.type}' as sink_type,\n '@{activity('copy_data_sink_evidences_to_evidenceowners').output.executionDetails[0].status}' as execution_status,\n '@{div(sub(ticks(adddays(activity('copy_data_sink_evidences_to_evidenceowners').output.executionDetails[0].start, -1)), ticks('1970-01-01')),10000000)}' as copy_activity_start_time,\n '@{div(sub(ticks(adddays(utcnow(), -1)), ticks('1970-01-01')),10000000)}' as copy_activity_end_time,\n '@{activity('copy_data_sink_evidences_to_evidenceowners').output.executionDetails[0].detailedDurations.queuingDuration}' as copy_activity_queuing_duration_in_secs,\n '@{activity('copy_data_sink_evidences_to_evidenceowners').output.executionDetails[0].detailedDurations.transferDuration}' as copy_activity_transfer_duration_in_secs,\n 'evidenceowners' as entity_name,\n '@{activity('copy_data_sink_evidences_to_evidenceowners').ActivityRunId}' as activity_run_id,\n '@{pipeline().parameters.p_data_migration_audit_id}' as data_migration_audit_id,\n '@{pipeline().parameters.p_created_by}' as created_by,\n '@{div(sub(ticks(adddays(pipeline().TriggerTime, -1)), ticks('1970-01-01')),10000000)}'as created_on,\n '' as modified_by,\n  0 as modified_on,\n 1 as active",
							"type": "Expression"
						},
						"queryTimeout": "02:00:00"
					},
					"sink": {
						"type": "AzureMySqlSink",
						"writeBatchSize": 10000,
						"writeBatchTimeout": "00:00:30"
					},
					"enableStaging": false
				},
				"inputs": [
					{
						"referenceName": "ds_datamigration_db",
						"type": "DatasetReference",
						"parameters": {
							"table_name": "adf_pipeline_logs"
						}
					}
				],
				"outputs": [
					{
						"referenceName": "ds_datamigration_db",
						"type": "DatasetReference",
						"parameters": {
							"table_name": "adf_pipeline_logs"
						}
					}
				]
			}
		],
		"parameters": {
			"p_data_migration_audit_id": {
				"type": "int"
			},
			"p_created_by": {
				"type": "string"
			}
		},
		"variables": {
			"media_count": {
				"type": "String"
			},
			"evidencenumber_count": {
				"type": "String"
			},
			"new_number": {
				"type": "String"
			}
		},
		"folder": {
			"name": "transformation_to_nexus_api/transformation_to_nexus_db_to_db"
		},
		"annotations": []
	}
}