{
	"name": "pl_evidencecategory",
	"properties": {
		"activities": [
			{
				"name": "evidence_category",
				"type": "ExecuteDataFlow",
				"dependsOn": [
					{
						"activity": "copy_to_tmp_evidence_categories",
						"dependencyConditions": [
							"Succeeded"
						]
					}
				],
				"policy": {
					"timeout": "1.00:00:00",
					"retry": 0,
					"retryIntervalInSeconds": 30,
					"secureOutput": false,
					"secureInput": false
				},
				"userProperties": [],
				"typeProperties": {
					"dataflow": {
						"referenceName": "df_evidence_categories",
						"type": "DataFlowReference",
						"datasetParameters": {
							"tmpEvidenceCategory": {
								"table_schema": "bridge",
								"table_name": "tmp_evidence_categories"
							},
							"MediaPriority": {
								"table_schema": "fb",
								"table_name": "media_priority"
							},
							"MappingTable": {
								"table_schema": "bridge",
								"table_name": "media_priority_ts_evidence_categories"
							},
							"mappingtbl": {
								"table_schema": "bridge",
								"table_name": "media_priority_ts_evidence_categories"
							}
						}
					},
					"compute": {
						"coreCount": 32,
						"computeType": "MemoryOptimized"
					},
					"traceLevel": "None"
				}
			},
			{
				"name": "foreach_category",
				"type": "ForEach",
				"dependsOn": [
					{
						"activity": "evidence_category",
						"dependencyConditions": [
							"Succeeded"
						]
					}
				],
				"userProperties": [],
				"typeProperties": {
					"items": {
						"value": "@activity('evidence_category').output.runStatus.output.evidencecategories.value",
						"type": "Expression"
					},
					"isSequential": true,
					"activities": [
						{
							"name": "copying_to_evidence category_and_mapping_tbl",
							"type": "Copy",
							"dependsOn": [],
							"policy": {
								"timeout": "7.00:00:00",
								"retry": 0,
								"retryIntervalInSeconds": 30,
								"secureOutput": false,
								"secureInput": false
							},
							"userProperties": [],
							"typeProperties": {
								"source": {
									"type": "RestSource",
									"additionalColumns": [
										{
											"name": "seq",
											"value": {
												"value": "@item().mpr_seq",
												"type": "Expression"
											}
										}
									],
									"httpRequestTimeout": "00:01:40",
									"requestInterval": "00.00:00:00.010",
									"requestMethod": "POST",
									"requestBody": {
										"value": "@{json(\nconcat('{\n \"description\":\"',item().description,'\",\n \"keep\":\"',item().keep,'\",\n \"name\":\"',item().name,'\",\n \"retention\":\"',item().retention,'\"\n  }')\n  )}\n\n",
										"type": "Expression"
									},
									"additionalHeaders": {
										"X-Tenant-Id": {
											"value": "@pipeline().globalParameters.tenant_id",
											"type": "Expression"
										},
										"Authorization": {
											"value": "@variables('access_token')",
											"type": "Expression"
										},
										"Content-Type": "application/json"
									}
								},
								"sink": {
									"type": "AzurePostgreSQLSink",
									"writeBatchSize": 1000000,
									"writeBatchTimeout": "00:30:00",
									"writeMethod": "CopyCommand"
								},
								"enableStaging": false,
								"translator": {
									"type": "TabularTranslator",
									"mappings": [
										{
											"source": {
												"path": "$['id']"
											},
											"sink": {
												"name": "id"
											}
										},
										{
											"source": {
												"path": "$['seq']"
											},
											"sink": {
												"name": "mpr_seq"
											}
										}
									],
									"collectionReference": "",
									"mapComplexValuesToString": true
								}
							},
							"inputs": [
								{
									"referenceName": "ds_internal_api",
									"type": "DatasetReference",
									"parameters": {
										"url": {
											"value": "@pipeline().globalParameters.tenant_settings_evidance_endpoint",
											"type": "Expression"
										}
									}
								}
							],
							"outputs": [
								{
									"referenceName": "ds_transformation_db",
									"type": "DatasetReference",
									"parameters": {
										"table_schema": "bridge",
										"table_name": "media_priority_ts_evidence_categories"
									}
								}
							]
						},
						{
							"name": "activity_run_id",
							"type": "SetVariable",
							"dependsOn": [
								{
									"activity": "copying_to_evidence category_and_mapping_tbl",
									"dependencyConditions": [
										"Failed"
									]
								}
							],
							"userProperties": [],
							"typeProperties": {
								"variableName": "Activityrunid",
								"value": {
									"value": "@activity('copying_to_evidence category_and_mapping_tbl').ActivityRunId",
									"type": "Expression"
								}
							}
						},
						{
							"name": "error_description",
							"type": "SetVariable",
							"dependsOn": [
								{
									"activity": "copying_to_evidence category_and_mapping_tbl",
									"dependencyConditions": [
										"Failed"
									]
								}
							],
							"userProperties": [],
							"typeProperties": {
								"variableName": "errordescription",
								"value": {
									"value": "@replace(activity('copying_to_evidence category_and_mapping_tbl').error.message,'''','')\n",
									"type": "Expression"
								}
							}
						},
						{
							"name": "failure_type",
							"type": "SetVariable",
							"dependsOn": [
								{
									"activity": "copying_to_evidence category_and_mapping_tbl",
									"dependencyConditions": [
										"Failed"
									]
								}
							],
							"userProperties": [],
							"typeProperties": {
								"variableName": "errordescription",
								"value": {
									"value": "@activity('copying_to_evidence category_and_mapping_tbl').error.failureType",
									"type": "Expression"
								}
							}
						}
					]
				}
			},
			{
				"name": "log_success_trans_nexus",
				"type": "Copy",
				"dependsOn": [
					{
						"activity": "lookup_rowcount",
						"dependencyConditions": [
							"Succeeded"
						]
					}
				],
				"policy": {
					"timeout": "7.00:00:00",
					"retry": 0,
					"retryIntervalInSeconds": 30,
					"secureOutput": false,
					"secureInput": false
				},
				"userProperties": [],
				"typeProperties": {
					"source": {
						"type": "AzureMySqlSource",
						"query": {
							"value": "SELECT \n '@{pipeline().DataFactory}' as data_factory_name,\n '@{pipeline().Pipeline}' as pipeline_name,\n '@{pipeline().RunId}' as run_id,\n '@{pipeline().TriggerType}' as trigger_type,\n '@{pipeline().TriggerId}' as trigger_id,\n '@{div(sub(ticks(adddays(pipeline().TriggerTime, -1)), ticks('1970-01-01')),10000000)}' as trigger_time,\n '@{pipeline().TriggerName}' as trigger_name,\n '@{activity('lookup_rowcount').output.count}' as rows_copied,\n '@{activity('Evidence_Category').output.runstatus.metrics.evidencecategories.rowswritten}' as data_read,\n 0 as no_parallel_copies,\n 0 as copy_duration_in_secs,\n '@{variables('runtime')}' as effective_integration_run_time,\n 'AzurePostgreSqlNpgsql' as source_type,\n 'Mariadb' as sink_type,\n'Succeeded' as execution_status,\n '@{div(sub(ticks(adddays(pipeline().TriggerTime, -1)), ticks('1970-01-01')),10000000)}' as copy_activity_start_time,\n '@{div(sub(ticks(adddays(utcnow(), -1)), ticks('1970-01-01')),10000000)}' as copy_activity_end_time,\n '@{variables('Activityrunid')}' as activity_run_id,\n 'null' as copy_activity_queuing_duration_in_secs,\n 'null' as copy_activity_transfer_duration_in_secs,\n '@{pipeline().parameters.p_data_migration_audit_id_child}' as data_migration_audit_id,\n '@{pipeline().parameters.p_created_by_child}' as created_by,\n 'Evidence_Category' as entity_name,\n '@{div(sub(ticks(adddays(pipeline().TriggerTime, -1)), ticks('1970-01-01')),10000000)}'as created_on,\n '' as modified_by,\n  0 as modified_on,\n 1 as active\n ",
							"type": "Expression"
						},
						"queryTimeout": "02:00:00"
					},
					"sink": {
						"type": "AzureMySqlSink",
						"writeBatchSize": 10000,
						"writeBatchTimeout": "00:00:30"
					},
					"enableStaging": false
				},
				"inputs": [
					{
						"referenceName": "ds_datamigration_db",
						"type": "DatasetReference",
						"parameters": {
							"table_name": "adf_pipeline_logs"
						}
					}
				],
				"outputs": [
					{
						"referenceName": "ds_datamigration_db",
						"type": "DatasetReference",
						"parameters": {
							"table_name": "adf_pipeline_logs"
						}
					}
				]
			},
			{
				"name": "log_error_trans_nexus",
				"type": "Copy",
				"dependsOn": [
					{
						"activity": "foreach_category",
						"dependencyConditions": [
							"Failed"
						]
					}
				],
				"policy": {
					"timeout": "7.00:00:00",
					"retry": 0,
					"retryIntervalInSeconds": 30,
					"secureOutput": false,
					"secureInput": false
				},
				"userProperties": [],
				"typeProperties": {
					"source": {
						"type": "AzureMySqlSource",
						"query": {
							"value": "SELECT \n'@{pipeline().DataFactory}' as data_factory_name,\n'@{pipeline().Pipeline}' as pipeline_name,\n'@{pipeline().RunId}' as run_id,\n'@{pipeline().TriggerType}' as trigger_type,\n'@{pipeline().TriggerId}' as trigger_id,\n'@{pipeline().TriggerName}' as trigger_name,\n'@{div(sub(ticks(adddays(pipeline().TriggerTime, -0)), ticks('1970-01-01')),10000000)}' as trigger_time,\n'@{variables('errordescription')}' as error_description,\n0 as error_code,\n'@{div(sub(ticks(adddays(utcnow(), -0)), ticks('1970-01-01')),10000000)}' as error_logged_time,\n'@{variables('failuretype')}' as failure_type,\n'evidence_categories' as entity_name,\n'@{variables('Activityrunid')}' as activity_run_id,\n'@{pipeline().parameters.p_data_migration_audit_id_child}' as data_migration_audit_id,\n'@{pipeline().parameters.p_created_by_child}' as created_by,\n'@{div(sub(ticks(adddays(pipeline().TriggerTime, -0)), ticks('1970-01-01')),10000000)}'\tas created_on,\n0 as modified_by,\n0 as modified_on,\n1 as active",
							"type": "Expression"
						},
						"queryTimeout": "02:00:00"
					},
					"sink": {
						"type": "AzureMySqlSink",
						"writeBatchSize": 10000,
						"writeBatchTimeout": "00:00:30"
					},
					"enableStaging": false
				},
				"inputs": [
					{
						"referenceName": "ds_datamigration_db",
						"type": "DatasetReference",
						"parameters": {
							"table_name": "adf_pipeline_errors"
						}
					}
				],
				"outputs": [
					{
						"referenceName": "ds_datamigration_db",
						"type": "DatasetReference",
						"parameters": {
							"table_name": "adf_pipeline_errors"
						}
					}
				]
			},
			{
				"name": "calling_password",
				"type": "WebActivity",
				"dependsOn": [],
				"policy": {
					"timeout": "0.12:00:00",
					"retry": 0,
					"retryIntervalInSeconds": 30,
					"secureOutput": false,
					"secureInput": false
				},
				"userProperties": [],
				"typeProperties": {
					"url": {
						"value": "@{pipeline().globalParameters.az_keyvault_uri}secrets/dev-desm-SSOdatamigrationengineclientsecret?api-version=7.0",
						"type": "Expression"
					},
					"method": "GET",
					"authentication": {
						"type": "MSI",
						"resource": " https://vault.usgovcloudapi.net"
					}
				}
			},
			{
				"name": "auth_token",
				"type": "WebActivity",
				"dependsOn": [
					{
						"activity": "calling_password",
						"dependencyConditions": [
							"Succeeded"
						]
					},
					{
						"activity": "calling_secret",
						"dependencyConditions": [
							"Succeeded"
						]
					}
				],
				"policy": {
					"timeout": "0.12:00:00",
					"retry": 0,
					"retryIntervalInSeconds": 30,
					"secureOutput": false,
					"secureInput": false
				},
				"userProperties": [],
				"typeProperties": {
					"url": {
						"value": "@pipeline().globalParameters.identityManagerAccessTokenUrl",
						"type": "Expression"
					},
					"method": "POST",
					"headers": {
						"content-Type": "application/x-www-form-urlencoded"
					},
					"body": {
						"value": "client_id=@{pipeline().globalParameters.SSOdatamigrationengineclient}&client_secret=@{activity('calling_secret').output.value}&grant_type=password&username=migration@safefleetcloud.com&password=@{activity('calling_password').output.value}",
						"type": "Expression"
					}
				}
			},
			{
				"name": "access_token",
				"type": "SetVariable",
				"dependsOn": [
					{
						"activity": "auth_token",
						"dependencyConditions": [
							"Succeeded"
						]
					}
				],
				"userProperties": [],
				"typeProperties": {
					"variableName": "access_token",
					"value": {
						"value": "@concat('Bearer ',activity('auth_token').output.access_token)",
						"type": "Expression"
					}
				}
			},
			{
				"name": "copy_to_tmp_evidence_categories",
				"type": "Copy",
				"dependsOn": [
					{
						"activity": "access_token",
						"dependencyConditions": [
							"Succeeded"
						]
					}
				],
				"policy": {
					"timeout": "0.12:00:00",
					"retry": 0,
					"retryIntervalInSeconds": 30,
					"secureOutput": false,
					"secureInput": false
				},
				"userProperties": [],
				"typeProperties": {
					"source": {
						"type": "RestSource",
						"httpRequestTimeout": "00:01:40",
						"requestInterval": "00.00:00:00.010",
						"requestMethod": "GET",
						"additionalHeaders": {
							"Authorization": {
								"value": "@variables('access_token')",
								"type": "Expression"
							},
							"X-Tenant-Id": {
								"value": "@pipeline().globalParameters.tenant_id",
								"type": "Expression"
							}
						},
						"paginationRules": {
							"supportRFC5988": "true"
						}
					},
					"sink": {
						"type": "AzurePostgreSQLSink",
						"writeBatchSize": 1000000,
						"writeBatchTimeout": "00:30:00",
						"preCopyScript": {
							"value": "truncate table bridge.tmp_evidence_categories",
							"type": "Expression"
						},
						"writeMethod": "CopyCommand"
					},
					"enableStaging": false,
					"translator": {
						"type": "TabularTranslator",
						"mappings": [
							{
								"source": {
									"path": "$['id']"
								},
								"sink": {
									"name": "id"
								}
							},
							{
								"source": {
									"path": "$['name']"
								},
								"sink": {
									"name": "name"
								}
							},
							{
								"source": {
									"path": "$['keep']"
								},
								"sink": {
									"name": "keep"
								}
							},
							{
								"source": {
									"path": "$['retention']"
								},
								"sink": {
									"name": "retention"
								}
							},
							{
								"source": {
									"path": "$['order']"
								},
								"sink": {
									"name": "categoryorder"
								}
							},
							{
								"source": {
									"path": "$['description']"
								},
								"sink": {
									"name": "description"
								}
							},
							{
								"source": {
									"path": "$['active']"
								},
								"sink": {
									"name": "active"
								}
							},
							{
								"source": {
									"path": "$['main']"
								},
								"sink": {
									"name": "main"
								}
							}
						],
						"mapComplexValuesToString": true
					}
				},
				"inputs": [
					{
						"referenceName": "ds_internal_api",
						"type": "DatasetReference",
						"parameters": {
							"url": {
								"value": "@pipeline().globalParameters.tenant_settings_evidance_endpoint",
								"type": "Expression"
							}
						}
					}
				],
				"outputs": [
					{
						"referenceName": "ds_transformation_db",
						"type": "DatasetReference",
						"parameters": {
							"table_schema": "bridge",
							"table_name": "tmp_evidence_categories"
						}
					}
				]
			},
			{
				"name": "calling_secret",
				"type": "WebActivity",
				"dependsOn": [],
				"policy": {
					"timeout": "0.12:00:00",
					"retry": 0,
					"retryIntervalInSeconds": 30,
					"secureOutput": false,
					"secureInput": false
				},
				"userProperties": [],
				"typeProperties": {
					"url": {
						"value": "@{pipeline().globalParameters.az_keyvault_uri}secrets/dev-desm-nexus-api-client-secret?api-version=7.0",
						"type": "Expression"
					},
					"method": "GET",
					"authentication": {
						"type": "MSI",
						"resource": " https://vault.usgovcloudapi.net"
					}
				}
			},
			{
				"name": "lookup_rowcount",
				"type": "Lookup",
				"dependsOn": [
					{
						"activity": "foreach_category",
						"dependencyConditions": [
							"Succeeded"
						]
					}
				],
				"policy": {
					"timeout": "0.12:00:00",
					"retry": 0,
					"retryIntervalInSeconds": 30,
					"secureOutput": false,
					"secureInput": false
				},
				"userProperties": [],
				"typeProperties": {
					"source": {
						"type": "AzurePostgreSqlSource",
						"partitionOption": "None"
					},
					"dataset": {
						"referenceName": "ds_transformation_db",
						"type": "DatasetReference",
						"parameters": {
							"table_schema": "bridge",
							"table_name": "media_priority_ts_evidence_categories"
						}
					},
					"firstRowOnly": false
				}
			}
		],
		"parameters": {
			"p_data_migration_audit_id_child": {
				"type": "int"
			},
			"p_created_by_child": {
				"type": "string"
			}
		},
		"variables": {
			"id": {
				"type": "String"
			},
			"mpr_seq": {
				"type": "String"
			},
			"runtime": {
				"type": "String"
			},
			"Activityrunid": {
				"type": "String"
			},
			"errordescription": {
				"type": "String"
			},
			"failuretype": {
				"type": "String"
			},
			"access_token": {
				"type": "String"
			}
		},
		"folder": {
			"name": "transformation_to_nexus_api"
		},
		"annotations": []
	}
}