{
	"name": "pl_files",
	"properties": {
		"activities": [
			{
				"name": "copy_data_sink_files",
				"type": "Copy",
				"dependsOn": [],
				"policy": {
					"timeout": "0.12:00:00",
					"retry": 0,
					"retryIntervalInSeconds": 30,
					"secureOutput": false,
					"secureInput": false
				},
				"userProperties": [],
				"typeProperties": {
					"source": {
						"type": "AzurePostgreSqlSource",
						"query": {
							"value": "SELECT distinct a.med_seq,\n             x.Id,\n             x.OriginalFileName,\n              CASE\n                  WHEN x.FileType = 'Media'\n                       AND a.med_size_mb != 0 THEN (a.med_size_mb * 1048576 :: bigint)\n                  WHEN x.FileType = 'SupportFile' THEN @{pipeline().globalParameters.supportfile_size}\n                  WHEN x.FileType = 'Thumbnail' THEN @{pipeline().globalParameters.thumbnail_size}\n                  WHEN x.FileType = 'CoCFile' THEN @{pipeline().globalParameters.cocfile_size}\n                  ELSE med_size_mb\n            END AS SIZE,\n             a.med_removal_time AS ExpirationDateTime,\n             'UploadCompleted' AS Status,\n             x.FileType,\n             md5(x.med_media_fname):: UUID AS PackageId,\n             'MediaProcessed' AS PublishedEventTypes, \n             '@{pipeline().globalParameters.fm_storageaccountname}' as StorageAccountName, \n             a.med_online_time AS Created,\n             'Local' as Location,\n             case \n                when a.med_bu_seq::text is null and x.FileType!='CoCFile' THEN replace(concat(f.sto_snmp_raid_ip,f.sto_int_path,a.med_file_path),'/','\\')\n                else a.med_bu_seq ::text\n             end as URI\n   FROM fb.media a\n   LEFT JOIN bridge.media_guid_values b on a.med_seq=b.med_seq\n   LEFT JOIN bridge.files e on a.med_seq=e.med_seq\n   LEFT JOIN fb.storage as f on f.sto_seq = a.med_str_seq\n   LEFT JOIN fb.backup_location v on a.med_bu_seq=v.bu_seq\nCROSS  JOIN LATERAL (\n   VALUES\n     (b.med_seq,b.med_media_fname,b.med_thumb_fname,b.med_meta_fname,b.med_coc_fname,b.med_media_fname_guid ,b.med_media_fname ,'Media'),\n     (b.med_seq,b.med_media_fname,b.med_thumb_fname,b.med_meta_fname,b.med_coc_fname,b.med_thumb_fname_guid,b.med_thumb_fname , 'Thumbnail'),\n     (b.med_seq,b.med_media_fname,b.med_thumb_fname,b.med_meta_fname,b.med_coc_fname,b.med_meta_fname_guid,b.med_meta_fname , 'SupportFile'),\n     (b.med_seq,b.med_media_fname,b.med_thumb_fname,b.med_meta_fname,b.med_coc_fname,b.med_coc_fname_guid,b.med_coc_fname , 'CoCFile')\n    ) x (med_seq,med_media_fname,med_thumb_fname,med_meta_fname,med_coc_fname,id,OriginalFileName,FileType) \nWHERE length(x.id)!=0\nAND e.med_seq IS NULL",
							"type": "Expression"
						},
						"partitionOption": "None"
					},
					"sink": {
						"type": "AzurePostgreSQLSink",
						"writeBatchSize": 1000000,
						"writeBatchTimeout": "00:30:00",
						"writeMethod": "CopyCommand"
					},
					"enableStaging": false,
					"translator": {
						"type": "TabularTranslator",
						"mappings": [
							{
								"source": {
									"name": "med_seq"
								},
								"sink": {
									"name": "med_seq"
								}
							},
							{
								"source": {
									"name": "id"
								},
								"sink": {
									"name": "id"
								}
							},
							{
								"source": {
									"name": "originalfilename"
								},
								"sink": {
									"name": "originalfilename"
								}
							},
							{
								"source": {
									"name": "size"
								},
								"sink": {
									"name": "size"
								}
							},
							{
								"source": {
									"name": "expirationdatetime"
								},
								"sink": {
									"name": "expirationdatetime"
								}
							},
							{
								"source": {
									"name": "status"
								},
								"sink": {
									"name": "status"
								}
							},
							{
								"source": {
									"name": "filetype"
								},
								"sink": {
									"name": "filetype"
								}
							},
							{
								"source": {
									"name": "packageid"
								},
								"sink": {
									"name": "packageid"
								}
							},
							{
								"source": {
									"name": "publishedeventtypes"
								},
								"sink": {
									"name": "publishedeventtypes"
								}
							},
							{
								"source": {
									"name": "storageaccountname"
								},
								"sink": {
									"name": "storageaccountname"
								}
							},
							{
								"source": {
									"name": "created"
								},
								"sink": {
									"name": "created"
								}
							},
							{
								"source": {
									"name": "location"
								},
								"sink": {
									"name": "location"
								}
							},
							{
								"source": {
									"name": "uri"
								},
								"sink": {
									"name": "uri"
								}
							}
						],
						"typeConversion": true,
						"typeConversionSettings": {
							"allowDataTruncation": true,
							"treatBooleanAsNumber": false
						}
					}
				},
				"inputs": [
					{
						"referenceName": "ds_transformation_db",
						"type": "DatasetReference",
						"parameters": {
							"table_schema": "''",
							"table_name": "''"
						}
					}
				],
				"outputs": [
					{
						"referenceName": "ds_transformation_db",
						"type": "DatasetReference",
						"parameters": {
							"table_schema": "bridge",
							"table_name": "files"
						}
					}
				]
			},
			{
				"name": "copy_data_sink_to_nexus",
				"type": "Copy",
				"dependsOn": [
					{
						"activity": "copy_data_nexus_to_tmp_files",
						"dependencyConditions": [
							"Succeeded"
						]
					},
					{
						"activity": "copy_data_sink_files",
						"dependencyConditions": [
							"Succeeded"
						]
					}
				],
				"policy": {
					"timeout": "0.12:00:00",
					"retry": 0,
					"retryIntervalInSeconds": 30,
					"secureOutput": false,
					"secureInput": false
				},
				"userProperties": [],
				"typeProperties": {
					"source": {
						"type": "AzurePostgreSqlSource",
						"query": {
							"value": "select a.* from bridge.files a \nleft join bridge.tmp_files b \non a.id=b.id \nwhere b.id is null",
							"type": "Expression"
						},
						"partitionOption": "None"
					},
					"sink": {
						"type": "AzureMySqlSink",
						"writeBatchSize": 100000,
						"writeBatchTimeout": "00:00:30"
					},
					"enableStaging": false,
					"enableSkipIncompatibleRow": true,
					"translator": {
						"type": "TabularTranslator",
						"mappings": [
							{
								"source": {
									"name": "id"
								},
								"sink": {
									"name": "Id",
									"type": "String"
								}
							},
							{
								"source": {
									"name": "originalfilename"
								},
								"sink": {
									"name": "OriginalFileName",
									"type": "String"
								}
							},
							{
								"source": {
									"name": "size"
								},
								"sink": {
									"name": "Size",
									"type": "Int64"
								}
							},
							{
								"source": {
									"name": "expirationdatetime"
								},
								"sink": {
									"name": "ExpirationDateTime",
									"type": "DateTime"
								}
							},
							{
								"source": {
									"name": "status"
								},
								"sink": {
									"name": "Status",
									"type": "String"
								}
							},
							{
								"source": {
									"name": "filetype"
								},
								"sink": {
									"name": "FileType",
									"type": "String"
								}
							},
							{
								"source": {
									"name": "packageid"
								},
								"sink": {
									"name": "PackageId",
									"type": "String"
								}
							},
							{
								"source": {
									"name": "publishedeventtypes"
								},
								"sink": {
									"name": "PublishedEventTypes",
									"type": "String"
								}
							},
							{
								"source": {
									"name": "storageaccountname"
								},
								"sink": {
									"name": "StorageAccountName",
									"type": "String"
								}
							},
							{
								"source": {
									"name": "created"
								},
								"sink": {
									"name": "Created",
									"type": "DateTime"
								}
							},
							{
								"source": {
									"name": "updated"
								},
								"sink": {
									"name": "Updated",
									"type": "DateTime"
								}
							},
							{
								"source": {
									"name": "location"
								},
								"sink": {
									"name": "Location",
									"type": "String"
								}
							},
							{
								"source": {
									"name": "uri"
								},
								"sink": {
									"name": "Uri",
									"type": "String"
								}
							}
						],
						"typeConversion": true,
						"typeConversionSettings": {
							"allowDataTruncation": true,
							"treatBooleanAsNumber": false
						}
					}
				},
				"inputs": [
					{
						"referenceName": "ds_transformation_db",
						"type": "DatasetReference",
						"parameters": {
							"table_schema": "''",
							"table_name": "''"
						}
					}
				],
				"outputs": [
					{
						"referenceName": "ds_file_manager_db",
						"type": "DatasetReference",
						"parameters": {
							"table_name": "files"
						}
					}
				]
			},
			{
				"name": "copy_data_nexus_to_tmp_files",
				"type": "Copy",
				"dependsOn": [],
				"policy": {
					"timeout": "0.12:00:00",
					"retry": 0,
					"retryIntervalInSeconds": 30,
					"secureOutput": false,
					"secureInput": false
				},
				"userProperties": [],
				"typeProperties": {
					"source": {
						"type": "AzureMySqlSource",
						"queryTimeout": "02:00:00"
					},
					"sink": {
						"type": "AzurePostgreSQLSink",
						"writeBatchSize": 1000000,
						"writeBatchTimeout": "00:30:00",
						"preCopyScript": {
							"value": "truncate table bridge.tmp_files",
							"type": "Expression"
						},
						"writeMethod": "CopyCommand"
					},
					"enableStaging": false,
					"translator": {
						"type": "TabularTranslator",
						"mappings": [
							{
								"source": {
									"name": "Id",
									"type": "String"
								},
								"sink": {
									"name": "id"
								}
							},
							{
								"source": {
									"name": "OriginalFileName",
									"type": "String"
								},
								"sink": {
									"name": "originalfilename"
								}
							},
							{
								"source": {
									"name": "Size",
									"type": "Int64"
								},
								"sink": {
									"name": "size"
								}
							},
							{
								"source": {
									"name": "ExpirationDateTime",
									"type": "DateTime"
								},
								"sink": {
									"name": "expirationdatetime"
								}
							},
							{
								"source": {
									"name": "Status",
									"type": "String"
								},
								"sink": {
									"name": "status"
								}
							},
							{
								"source": {
									"name": "FileType",
									"type": "String"
								},
								"sink": {
									"name": "filetype"
								}
							},
							{
								"source": {
									"name": "PackageId",
									"type": "String"
								},
								"sink": {
									"name": "packageid"
								}
							},
							{
								"source": {
									"name": "PublishedEventTypes",
									"type": "String"
								},
								"sink": {
									"name": "publishedeventtypes"
								}
							},
							{
								"source": {
									"name": "StorageAccountName",
									"type": "String"
								},
								"sink": {
									"name": "storageaccountname"
								}
							},
							{
								"source": {
									"name": "Created",
									"type": "DateTime"
								},
								"sink": {
									"name": "created"
								}
							},
							{
								"source": {
									"name": "Updated",
									"type": "DateTime"
								},
								"sink": {
									"name": "updated"
								}
							},
							{
								"source": {
									"name": "Location",
									"type": "String"
								},
								"sink": {
									"name": "location"
								}
							},
							{
								"source": {
									"name": "Uri",
									"type": "String"
								},
								"sink": {
									"name": "uri"
								}
							}
						],
						"typeConversion": true,
						"typeConversionSettings": {
							"allowDataTruncation": true,
							"treatBooleanAsNumber": false
						}
					}
				},
				"inputs": [
					{
						"referenceName": "ds_file_manager_db",
						"type": "DatasetReference",
						"parameters": {
							"table_name": "files"
						}
					}
				],
				"outputs": [
					{
						"referenceName": "ds_transformation_db",
						"type": "DatasetReference",
						"parameters": {
							"table_schema": "bridge",
							"table_name": "tmp_files"
						}
					}
				]
			},
			{
				"name": "log_error_trans_nexus",
				"type": "Copy",
				"dependsOn": [
					{
						"activity": "copy_data_sink_to_nexus",
						"dependencyConditions": [
							"Failed"
						]
					}
				],
				"policy": {
					"timeout": "7.00:00:00",
					"retry": 0,
					"retryIntervalInSeconds": 30,
					"secureOutput": false,
					"secureInput": false
				},
				"userProperties": [],
				"typeProperties": {
					"source": {
						"type": "AzureMySqlSource",
						"query": {
							"value": "SELECT \n'@{pipeline().DataFactory}' as data_factory_name,\n'@{pipeline().Pipeline}' as pipeline_name,\n'@{pipeline().RunId}' as run_id,\n'@{pipeline().TriggerType}' as trigger_type,\n'@{pipeline().TriggerId}' as trigger_id,\n'@{pipeline().TriggerName}' as trigger_name,\n'@{div(sub(ticks(adddays(pipeline().TriggerTime, -0)), ticks('1970-01-01')),10000000)}' as trigger_time,\n'@{replace(activity('copy_data_sink_to_nexus').error.message,'''','')}' as error_description,\n'@{activity('copy_data_sink_to_nexus').error.errorCode}' as error_code,\n'@{div(sub(ticks(adddays(utcnow(), -0)), ticks('1970-01-01')),10000000)}' as error_logged_time,\n'@{activity('copy_data_sink_to_nexus').error.failureType}' as failure_type,\n'files' as entity_name,\n'@{activity('copy_data_sink_to_nexus').ActivityRunId}' as activity_run_id,\n'@{pipeline().parameters.p_data_migration_audit_id}' as data_migration_audit_id,\n'@{pipeline().parameters.p_created_by}' as created_by,\n'@{div(sub(ticks(adddays(pipeline().TriggerTime, -0)), ticks('1970-01-01')),10000000)}'\tas created_on,\n''as modified_by,\n0 as modified_on,\n1 as active",
							"type": "Expression"
						},
						"queryTimeout": "02:00:00"
					},
					"sink": {
						"type": "AzureMySqlSink",
						"writeBatchSize": 10000,
						"writeBatchTimeout": "00:00:30"
					},
					"enableStaging": false
				},
				"inputs": [
					{
						"referenceName": "ds_datamigration_db",
						"type": "DatasetReference",
						"parameters": {
							"table_name": "adf_pipeline_errors"
						}
					}
				],
				"outputs": [
					{
						"referenceName": "ds_datamigration_db",
						"type": "DatasetReference",
						"parameters": {
							"table_name": "adf_pipeline_errors"
						}
					}
				]
			},
			{
				"name": "log_success_trans_nexus",
				"type": "Copy",
				"dependsOn": [
					{
						"activity": "copy_data_sink_to_nexus",
						"dependencyConditions": [
							"Succeeded"
						]
					}
				],
				"policy": {
					"timeout": "7.00:00:00",
					"retry": 0,
					"retryIntervalInSeconds": 30,
					"secureOutput": false,
					"secureInput": false
				},
				"userProperties": [],
				"typeProperties": {
					"source": {
						"type": "AzureMySqlSource",
						"query": {
							"value": "SELECT \n '@{pipeline().DataFactory}' as data_factory_name,\n '@{pipeline().Pipeline}' as pipeline_name,\n '@{pipeline().RunId}' as run_id,\n '@{pipeline().TriggerType}' as trigger_type,\n '@{pipeline().TriggerId}' as trigger_id,\n '@{div(sub(ticks(adddays(pipeline().TriggerTime, -1)), ticks('1970-01-01')),10000000)}' as trigger_time,\n '@{pipeline().TriggerName}' as trigger_name,\n '@{activity('copy_data_sink_to_nexus').output.rowsCopied}' as rows_copied,\n '@{activity('copy_data_sink_to_nexus').output.DataRead}' as data_read,\n '@{activity('copy_data_sink_to_nexus').output.usedParallelCopies}' as no_parallel_copies,\n '@{activity('copy_data_sink_to_nexus').output.copyDuration}' as copy_duration_in_secs,\n '@{activity('copy_data_sink_to_nexus').output.effectiveIntegrationRuntime}' as effective_integration_run_time,\n '@{activity('copy_data_sink_to_nexus').output.executionDetails[0].source.type}' as source_type,\n '@{activity('copy_data_sink_to_nexus').output.executionDetails[0].sink.type}' as sink_type,\n '@{activity('copy_data_sink_to_nexus').output.executionDetails[0].status}' as execution_status,\n '@{div(sub(ticks(adddays(activity('copy_data_sink_to_nexus').output.executionDetails[0].start, -1)), ticks('1970-01-01')),10000000)}' as copy_activity_start_time,\n '@{div(sub(ticks(adddays(utcnow(), -1)), ticks('1970-01-01')),10000000)}' as copy_activity_end_time,\n '@{activity('copy_data_sink_to_nexus').output.executionDetails[0].detailedDurations.queuingDuration}' as copy_activity_queuing_duration_in_secs,\n '@{activity('copy_data_sink_to_nexus').output.executionDetails[0].detailedDurations.transferDuration}' as copy_activity_transfer_duration_in_secs,\n 'files' as entity_name,\n '@{activity('copy_data_sink_to_nexus').ActivityRunId}' as activity_run_id,\n '@{pipeline().parameters.p_data_migration_audit_id}' as data_migration_audit_id,\n '@{pipeline().parameters.p_created_by}' as created_by,\n '@{div(sub(ticks(adddays(pipeline().TriggerTime, -1)), ticks('1970-01-01')),10000000)}'as created_on,\n '' as modified_by,\n  0 as modified_on,\n 1 as active",
							"type": "Expression"
						},
						"queryTimeout": "02:00:00"
					},
					"sink": {
						"type": "AzureMySqlSink",
						"writeBatchSize": 10000,
						"writeBatchTimeout": "00:00:30"
					},
					"enableStaging": false
				},
				"inputs": [
					{
						"referenceName": "ds_datamigration_db",
						"type": "DatasetReference",
						"parameters": {
							"table_name": "adf_pipeline_logs"
						}
					}
				],
				"outputs": [
					{
						"referenceName": "ds_datamigration_db",
						"type": "DatasetReference",
						"parameters": {
							"table_name": "adf_pipeline_logs"
						}
					}
				]
			}
		],
		"parameters": {
			"p_data_migration_audit_id": {
				"type": "int"
			},
			"p_created_by": {
				"type": "string"
			}
		},
		"folder": {
			"name": "transformation_to_nexus_api/transformation_to_nexus_db_to_db"
		},
		"annotations": []
	}
}