{
	"name": "pl_media",
	"properties": {
		"activities": [
			{
				"name": "copy_data_sink_media",
				"type": "Copy",
				"dependsOn": [],
				"policy": {
					"timeout": "0.12:00:00",
					"retry": 0,
					"retryIntervalInSeconds": 30,
					"secureOutput": false,
					"secureInput": false
				},
				"userProperties": [],
				"typeProperties": {
					"source": {
						"type": "AzurePostgreSqlSource",
						"query": {
							"value": "select a.med_seq,\n       a.packageid as id,\n\t  a.originalfilename as FileName,\n     c.unt_product_code as Cameras,\n     b.med_start_time as StartDateTime,\t\n     b.med_end_time as EndDateTime,\t\n     b.med_online_time as IngestionDateTime,\n     f.MediaType,\n     case when b.med_upld_owner_name is null then 'DeviceUpload'\n          else 'ManualUpload'\n     end as DeviceType,\n     case when e.mst_desc ='Online'then 'Online'\n          else 'Purged' \n     end  as Status,\n    b.med_file_hash as DigitalSignature,\n    case when c.unt_id like '%X2%' or c.unt_product_code like '%X2%' then 'SHA256' \n          else 'MD5'  \n    end as DigitalSignatureType,\n    d.id as UnitId,\n    h.NumberOfFiles,\n    h.ReceivedFileNames,\n    b.med_start_time as Created,\n    g.id as EvidenceId,\n    b.med_online_time as Timestamp\n from bridge.files a \nleft join fb.media b \non a.med_seq=b.med_seq\nleft join fb.unit c \non b.med_unt_seq=c.unt_seq\nleft join bridge.unit_ts_units d\non b.med_unt_seq=d.unt_seq\nleft join fb.media_status e \non b.med_sta_seq=e.mst_seq \nleft join bridge.mm_file_types f \non reverse(split_part(reverse(a.originalfilename), '.', 1))=f.fileextn\nleft join bridge.evidences g  \non a.med_seq=g.med_seq \nleft join (select  a.med_seq,string_agg(a.originalfilename,'|') as ReceivedFileNames, count(*) as NumberOfFiles from bridge.files a group by a.med_seq ) h\non a.med_seq=h.med_seq\nleft join bridge.media i  \non a.med_seq=i.med_seq \nwhere a.FileType='Media'\nand i.med_seq is null",
							"type": "Expression"
						},
						"partitionOption": "None"
					},
					"sink": {
						"type": "AzurePostgreSQLSink",
						"writeBatchSize": 1000000,
						"writeBatchTimeout": "00:30:00",
						"writeMethod": "CopyCommand"
					},
					"enableStaging": false,
					"translator": {
						"type": "TabularTranslator",
						"mappings": [
							{
								"source": {
									"name": "med_seq"
								},
								"sink": {
									"name": "med_seq"
								}
							},
							{
								"source": {
									"name": "id"
								},
								"sink": {
									"name": "id"
								}
							},
							{
								"source": {
									"name": "filename"
								},
								"sink": {
									"name": "filename"
								}
							},
							{
								"source": {
									"name": "cameras"
								},
								"sink": {
									"name": "cameras"
								}
							},
							{
								"source": {
									"name": "startdatetime"
								},
								"sink": {
									"name": "startdatetime"
								}
							},
							{
								"source": {
									"name": "enddatetime"
								},
								"sink": {
									"name": "enddatetime"
								}
							},
							{
								"source": {
									"name": "ingestiondatetime"
								},
								"sink": {
									"name": "ingestiondatetime"
								}
							},
							{
								"source": {
									"name": "mediatype"
								},
								"sink": {
									"name": "mediatype"
								}
							},
							{
								"source": {
									"name": "devicetype"
								},
								"sink": {
									"name": "devicetype"
								}
							},
							{
								"source": {
									"name": "status"
								},
								"sink": {
									"name": "status"
								}
							},
							{
								"source": {
									"name": "digitalsignature"
								},
								"sink": {
									"name": "digitalsignature"
								}
							},
							{
								"source": {
									"name": "digitalsignaturetype"
								},
								"sink": {
									"name": "digitalsignaturetype"
								}
							},
							{
								"source": {
									"name": "unitid"
								},
								"sink": {
									"name": "unitid"
								}
							},
							{
								"source": {
									"name": "numberoffiles"
								},
								"sink": {
									"name": "numberoffiles"
								}
							},
							{
								"source": {
									"name": "receivedfilenames"
								},
								"sink": {
									"name": "receivedfilenames"
								}
							},
							{
								"source": {
									"name": "created"
								},
								"sink": {
									"name": "created"
								}
							},
							{
								"source": {
									"name": "evidenceid"
								},
								"sink": {
									"name": "evidenceid"
								}
							},
							{
								"source": {
									"name": "timestamp"
								},
								"sink": {
									"name": "timestamp"
								}
							}
						],
						"typeConversion": true,
						"typeConversionSettings": {
							"allowDataTruncation": true,
							"treatBooleanAsNumber": false
						}
					}
				},
				"inputs": [
					{
						"referenceName": "ds_transformation_db",
						"type": "DatasetReference",
						"parameters": {
							"table_schema": "''",
							"table_name": "''"
						}
					}
				],
				"outputs": [
					{
						"referenceName": "ds_transformation_db",
						"type": "DatasetReference",
						"parameters": {
							"table_schema": "bridge",
							"table_name": "media"
						}
					}
				]
			},
			{
				"name": "copy_data_nexus_media_to_tmp_media",
				"type": "Copy",
				"dependsOn": [],
				"policy": {
					"timeout": "0.12:00:00",
					"retry": 0,
					"retryIntervalInSeconds": 30,
					"secureOutput": false,
					"secureInput": false
				},
				"userProperties": [],
				"typeProperties": {
					"source": {
						"type": "AzureMySqlSource",
						"queryTimeout": "02:00:00"
					},
					"sink": {
						"type": "AzurePostgreSQLSink",
						"writeBatchSize": 1000000,
						"writeBatchTimeout": "00:30:00",
						"preCopyScript": {
							"value": "truncate table bridge.tmp_media",
							"type": "Expression"
						},
						"writeMethod": "CopyCommand"
					},
					"enableStaging": false,
					"translator": {
						"type": "TabularTranslator",
						"mappings": [
							{
								"source": {
									"name": "Id",
									"type": "String"
								},
								"sink": {
									"name": "id"
								}
							}
						],
						"typeConversion": true,
						"typeConversionSettings": {
							"allowDataTruncation": true,
							"treatBooleanAsNumber": false
						}
					}
				},
				"inputs": [
					{
						"referenceName": "ds_media_managment_db",
						"type": "DatasetReference",
						"parameters": {
							"table_name": "media"
						}
					}
				],
				"outputs": [
					{
						"referenceName": "ds_transformation_db",
						"type": "DatasetReference",
						"parameters": {
							"table_schema": "bridge",
							"table_name": "tmp_media"
						}
					}
				]
			},
			{
				"name": "copy_data_sink_media_to_nexus_media",
				"type": "Copy",
				"dependsOn": [
					{
						"activity": "copy_data_sink_media",
						"dependencyConditions": [
							"Succeeded"
						]
					},
					{
						"activity": "copy_data_nexus_media_to_tmp_media",
						"dependencyConditions": [
							"Succeeded"
						]
					}
				],
				"policy": {
					"timeout": "0.12:00:00",
					"retry": 0,
					"retryIntervalInSeconds": 30,
					"secureOutput": false,
					"secureInput": false
				},
				"userProperties": [],
				"typeProperties": {
					"source": {
						"type": "AzurePostgreSqlSource",
						"query": {
							"value": "select a.* from bridge.media a \nleft join bridge.tmp_media b \non a.id=b.id \nwhere b.id is null\n/*and a.unitid not in ('c0c444b1-5430-43cd-a3b1-a077b1809f36','c8ca14d0-3e6f-4da6-980e-bee5c9d2a78f')*/",
							"type": "Expression"
						},
						"partitionOption": "None"
					},
					"sink": {
						"type": "AzureMySqlSink",
						"writeBatchSize": 10000,
						"writeBatchTimeout": "00:00:30"
					},
					"enableStaging": false,
					"translator": {
						"type": "TabularTranslator",
						"mappings": [
							{
								"source": {
									"name": "id"
								},
								"sink": {
									"name": "Id",
									"type": "String"
								}
							},
							{
								"source": {
									"name": "filename"
								},
								"sink": {
									"name": "FileName",
									"type": "String"
								}
							},
							{
								"source": {
									"name": "cameras"
								},
								"sink": {
									"name": "Cameras",
									"type": "String"
								}
							},
							{
								"source": {
									"name": "startdatetime"
								},
								"sink": {
									"name": "StartDateTime",
									"type": "DateTime"
								}
							},
							{
								"source": {
									"name": "enddatetime"
								},
								"sink": {
									"name": "EndDateTime",
									"type": "DateTime"
								}
							},
							{
								"source": {
									"name": "ingestiondatetime"
								},
								"sink": {
									"name": "IngestionDateTime",
									"type": "DateTime"
								}
							},
							{
								"source": {
									"name": "mediatype"
								},
								"sink": {
									"name": "MediaType",
									"type": "String"
								}
							},
							{
								"source": {
									"name": "devicetype"
								},
								"sink": {
									"name": "DeviceType",
									"type": "String"
								}
							},
							{
								"source": {
									"name": "status"
								},
								"sink": {
									"name": "Status",
									"type": "String"
								}
							},
							{
								"source": {
									"name": "digitalsignature"
								},
								"sink": {
									"name": "DigitalSignature",
									"type": "String"
								}
							},
							{
								"source": {
									"name": "digitalsignaturetype"
								},
								"sink": {
									"name": "DigitalSignatureType",
									"type": "String"
								}
							},
							{
								"source": {
									"name": "unitid"
								},
								"sink": {
									"name": "UnitId",
									"type": "String"
								}
							},
							{
								"source": {
									"name": "numberoffiles"
								},
								"sink": {
									"name": "NumberOfFiles",
									"type": "Int32"
								}
							},
							{
								"source": {
									"name": "receivedfilenames"
								},
								"sink": {
									"name": "ReceivedFileNames",
									"type": "String"
								}
							},
							{
								"source": {
									"name": "created"
								},
								"sink": {
									"name": "Created",
									"type": "DateTime"
								}
							},
							{
								"source": {
									"name": "evidenceid"
								},
								"sink": {
									"name": "EvidenceId",
									"type": "String"
								}
							},
							{
								"source": {
									"name": "updated"
								},
								"sink": {
									"name": "Updated",
									"type": "DateTime"
								}
							},
							{
								"source": {
									"name": "timestamp"
								},
								"sink": {
									"name": "Timestamp",
									"type": "DateTime"
								}
							},
							{
								"source": {
									"name": "transcodestatus"
								},
								"sink": {
									"name": "TranscodeStatus",
									"type": "String"
								}
							}
						],
						"typeConversion": true,
						"typeConversionSettings": {
							"allowDataTruncation": true,
							"treatBooleanAsNumber": false
						}
					}
				},
				"inputs": [
					{
						"referenceName": "ds_transformation_db",
						"type": "DatasetReference",
						"parameters": {
							"table_schema": "''",
							"table_name": "''"
						}
					}
				],
				"outputs": [
					{
						"referenceName": "ds_media_managment_db",
						"type": "DatasetReference",
						"parameters": {
							"table_name": "media"
						}
					}
				]
			},
			{
				"name": "log_error_trans_nexus",
				"type": "Copy",
				"dependsOn": [
					{
						"activity": "copy_data_sink_media_to_nexus_media",
						"dependencyConditions": [
							"Failed"
						]
					}
				],
				"policy": {
					"timeout": "7.00:00:00",
					"retry": 0,
					"retryIntervalInSeconds": 30,
					"secureOutput": false,
					"secureInput": false
				},
				"userProperties": [],
				"typeProperties": {
					"source": {
						"type": "AzureMySqlSource",
						"query": {
							"value": "SELECT \n'@{pipeline().DataFactory}' as data_factory_name,\n'@{pipeline().Pipeline}' as pipeline_name,\n'@{pipeline().RunId}' as run_id,\n'@{pipeline().TriggerType}' as trigger_type,\n'@{pipeline().TriggerId}' as trigger_id,\n'@{pipeline().TriggerName}' as trigger_name,\n'@{div(sub(ticks(adddays(pipeline().TriggerTime, -0)), ticks('1970-01-01')),10000000)}' as trigger_time,\n'@{replace(activity('copy_data_sink_media_to_nexus_media').error.message,'''','')}' as error_description,\n'@{activity('copy_data_sink_media_to_nexus_media').error.errorCode}' as error_code,\n'@{div(sub(ticks(adddays(utcnow(), -0)), ticks('1970-01-01')),10000000)}' as error_logged_time,\n'@{activity('copy_data_sink_media_to_nexus_media').error.failureType}' as failure_type,\n'media' as entity_name,\n'@{activity('copy_data_sink_media_to_nexus_media').ActivityRunId}' as activity_run_id,\n'@{pipeline().parameters.p_data_migration_audit_id}' as data_migration_audit_id,\n'@{pipeline().parameters.p_created_by}' as created_by,\n'@{div(sub(ticks(adddays(pipeline().TriggerTime, -0)), ticks('1970-01-01')),10000000)}'\tas created_on,\n''as modified_by,\n0 as modified_on,\n1 as active",
							"type": "Expression"
						},
						"queryTimeout": "02:00:00"
					},
					"sink": {
						"type": "AzureMySqlSink",
						"writeBatchSize": 10000,
						"writeBatchTimeout": "00:00:30"
					},
					"enableStaging": false
				},
				"inputs": [
					{
						"referenceName": "ds_datamigration_db",
						"type": "DatasetReference",
						"parameters": {
							"table_name": "adf_pipeline_errors"
						}
					}
				],
				"outputs": [
					{
						"referenceName": "ds_datamigration_db",
						"type": "DatasetReference",
						"parameters": {
							"table_name": "adf_pipeline_errors"
						}
					}
				]
			},
			{
				"name": "log_success_trans_nexus",
				"type": "Copy",
				"dependsOn": [
					{
						"activity": "copy_data_sink_media_to_nexus_media",
						"dependencyConditions": [
							"Succeeded"
						]
					}
				],
				"policy": {
					"timeout": "7.00:00:00",
					"retry": 0,
					"retryIntervalInSeconds": 30,
					"secureOutput": false,
					"secureInput": false
				},
				"userProperties": [],
				"typeProperties": {
					"source": {
						"type": "AzureMySqlSource",
						"query": {
							"value": "SELECT \n '@{pipeline().DataFactory}' as data_factory_name,\n '@{pipeline().Pipeline}' as pipeline_name,\n '@{pipeline().RunId}' as run_id,\n '@{pipeline().TriggerType}' as trigger_type,\n '@{pipeline().TriggerId}' as trigger_id,\n '@{div(sub(ticks(adddays(pipeline().TriggerTime, -1)), ticks('1970-01-01')),10000000)}' as trigger_time,\n '@{pipeline().TriggerName}' as trigger_name,\n '@{activity('copy_data_sink_media_to_nexus_media').output.rowsCopied}' as rows_copied,\n '@{activity('copy_data_sink_media_to_nexus_media').output.DataRead}' as data_read,\n '@{activity('copy_data_sink_media_to_nexus_media').output.usedParallelCopies}' as no_parallel_copies,\n '@{activity('copy_data_sink_media_to_nexus_media').output.copyDuration}' as copy_duration_in_secs,\n '@{activity('copy_data_sink_media_to_nexus_media').output.effectiveIntegrationRuntime}' as effective_integration_run_time,\n '@{activity('copy_data_sink_media_to_nexus_media').output.executionDetails[0].source.type}' as source_type,\n '@{activity('copy_data_sink_media_to_nexus_media').output.executionDetails[0].sink.type}' as sink_type,\n '@{activity('copy_data_sink_media_to_nexus_media').output.executionDetails[0].status}' as execution_status,\n '@{div(sub(ticks(adddays(activity('copy_data_sink_media_to_nexus_media').output.executionDetails[0].start, -1)), ticks('1970-01-01')),10000000)}' as copy_activity_start_time,\n '@{div(sub(ticks(adddays(utcnow(), -1)), ticks('1970-01-01')),10000000)}' as copy_activity_end_time,\n '@{activity('copy_data_sink_media_to_nexus_media').output.executionDetails[0].detailedDurations.queuingDuration}' as copy_activity_queuing_duration_in_secs,\n '@{activity('copy_data_sink_media_to_nexus_media').output.executionDetails[0].detailedDurations.transferDuration}' as copy_activity_transfer_duration_in_secs,\n 'media' as entity_name,\n '@{activity('copy_data_sink_media_to_nexus_media').ActivityRunId}' as activity_run_id,\n '@{pipeline().parameters.p_data_migration_audit_id}' as data_migration_audit_id,\n '@{pipeline().parameters.p_created_by}' as created_by,\n '@{div(sub(ticks(adddays(pipeline().TriggerTime, -1)), ticks('1970-01-01')),10000000)}'as created_on,\n '' as modified_by,\n  0 as modified_on,\n 1 as active",
							"type": "Expression"
						},
						"queryTimeout": "02:00:00"
					},
					"sink": {
						"type": "AzureMySqlSink",
						"writeBatchSize": 10000,
						"writeBatchTimeout": "00:00:30"
					},
					"enableStaging": false
				},
				"inputs": [
					{
						"referenceName": "ds_datamigration_db",
						"type": "DatasetReference",
						"parameters": {
							"table_name": "adf_pipeline_logs"
						}
					}
				],
				"outputs": [
					{
						"referenceName": "ds_datamigration_db",
						"type": "DatasetReference",
						"parameters": {
							"table_name": "adf_pipeline_logs"
						}
					}
				]
			}
		],
		"parameters": {
			"p_data_migration_audit_id": {
				"type": "int"
			},
			"p_created_by": {
				"type": "string"
			}
		},
		"folder": {
			"name": "transformation_to_nexus_api/transformation_to_nexus_db_to_db"
		},
		"annotations": []
	}
}