{
	"name": "pl_nexus_media",
	"properties": {
		"activities": [
			{
				"name": "move_files_from_tb_to_temp_and_temp_to_nexus",
				"type": "DatabricksNotebook",
				"dependsOn": [],
				"policy": {
					"timeout": "0.12:00:00",
					"retry": 0,
					"retryIntervalInSeconds": 30,
					"secureOutput": false,
					"secureInput": false
				},
				"userProperties": [],
				"typeProperties": {
					"notebookPath": "/Shared/Data Migration Code/6.Move files from TB to Temp and Temp to Nexus",
					"baseParameters": {
						"environment": {
							"value": "@pipeline().globalParameters.environment",
							"type": "Expression"
						},
						"tenant_id": {
							"value": "@pipeline().globalParameters.tenant_id",
							"type": "Expression"
						},
						"job_type_id": {
							"value": "@string(pipeline().globalParameters.job_type_id)",
							"type": "Expression"
						},
						"trans_server": {
							"value": "@pipeline().globalParameters.trans_server",
							"type": "Expression"
						},
						"trans_database": {
							"value": "@pipeline().globalParameters.trans_database",
							"type": "Expression"
						},
						"trans_user_name": {
							"value": "@pipeline().globalParameters.trans_user_name",
							"type": "Expression"
						},
						"trans_password_key": {
							"value": "@pipeline().globalParameters.trans_password_key",
							"type": "Expression"
						},
						"trans_port": {
							"value": "@string(pipeline().globalParameters.trans_port)",
							"type": "Expression"
						},
						"fm_active_directory_application_id": {
							"value": "f6b0957a-f472-4ba5-a8c5-5d1975d2531a",
							"type": "Expression"
						},
						"fm_active_directory_application_secret": {
							"value": "Hk1dupE539B10S_8.a-ShxsjBdH.e5MZcx",
							"type": "Expression"
						},
						"fm_active_directory_tenant_id": {
							"value": "f32b1d9f-03f9-42fb-8c64-c6963e3a67f9",
							"type": "Expression"
						},
						"fm_oauth_url": {
							"value": "https://login.microsoftonline.us/f32b1d9f-03f9-42fb-8c64-c6963e3a67f9/oauth2/token/",
							"type": "Expression"
						},
						"fm_sorage_details": {
							"value": "https://fbstorageaccount.blob.core.usgovcloudapi.net",
							"type": "Expression"
						},
						"fm_container_details": {
							"value": "desm-ns",
							"type": "Expression"
						}
					}
				},
				"linkedServiceName": {
					"referenceName": "ls_databricks",
					"type": "LinkedServiceReference",
					"parameters": {
						"workspace_url": "https://adb-8337754776116449.1.databricks.azure.us",
						"workspace_resource_id": "/subscriptions/210e2698-8d26-4229-9e3b-0ec81192919e/resourceGroups/vverma-rg/providers/Microsoft.Databricks/workspaces/SafeFleetDatabricks_poc",
						"cluster_version": "10.4.x-scala2.12",
						"cluster_type": "Standard_DS3_v2",
						"worker_node": "2"
					}
				}
			},
			{
				"name": "If_move_files_from_tb_to_temp_and_temp_to_nexus",
				"type": "IfCondition",
				"dependsOn": [
					{
						"activity": "move_files_from_tb_to_temp_and_temp_to_nexus",
						"dependencyConditions": [
							"Succeeded"
						]
					}
				],
				"userProperties": [],
				"typeProperties": {
					"expression": {
						"value": "@equals(activity('move_files_from_tb_to_temp_and_temp_to_nexus').output.runOutput,'Success')\n",
						"type": "Expression"
					},
					"ifFalseActivities": [
						{
							"name": "move_files_from_tb_to_temp_and_temp_to_nexusfailed",
							"type": "Fail",
							"dependsOn": [],
							"userProperties": [],
							"typeProperties": {
								"message": "Media GUID Generation Failed",
								"errorCode": {
									"value": "@activity('move_files_from_tb_to_temp_and_temp_to_nexus').output.runOutput",
									"type": "Expression"
								}
							}
						}
					]
				}
			},
			{
				"name": "lookup_media_fm_transfer",
				"type": "Lookup",
				"dependsOn": [
					{
						"activity": "If_move_files_from_tb_to_temp_and_temp_to_nexus",
						"dependencyConditions": [
							"Succeeded"
						]
					}
				],
				"policy": {
					"timeout": "0.12:00:00",
					"retry": 0,
					"retryIntervalInSeconds": 30,
					"secureOutput": false,
					"secureInput": false
				},
				"userProperties": [],
				"typeProperties": {
					"source": {
						"type": "AzurePostgreSqlSource",
						"query": {
							"value": "select generated_guid from bridge.media_fm_transfer",
							"type": "Expression"
						},
						"partitionOption": "None"
					},
					"dataset": {
						"referenceName": "ds_transformation_db",
						"type": "DatasetReference",
						"parameters": {
							"table_schema": "''",
							"table_name": "''"
						}
					},
					"firstRowOnly": false
				}
			},
			{
				"name": "foreach",
				"type": "ForEach",
				"dependsOn": [
					{
						"activity": "lookup_media_fm_transfer",
						"dependencyConditions": [
							"Succeeded"
						]
					}
				],
				"userProperties": [],
				"typeProperties": {
					"items": {
						"value": "@activity('lookup_media_fm_transfer').output.value",
						"type": "Expression"
					},
					"activities": [
						{
							"name": "guid",
							"type": "SetVariable",
							"dependsOn": [],
							"userProperties": [],
							"typeProperties": {
								"variableName": "id",
								"value": {
									"value": "@item().generated_guid",
									"type": "Expression"
								}
							}
						},
						{
							"name": "update_file_locaton",
							"type": "Copy",
							"dependsOn": [
								{
									"activity": "guid",
									"dependencyConditions": [
										"Succeeded"
									]
								}
							],
							"policy": {
								"timeout": "0.12:00:00",
								"retry": 0,
								"retryIntervalInSeconds": 30,
								"secureOutput": false,
								"secureInput": false
							},
							"userProperties": [],
							"typeProperties": {
								"source": {
									"type": "AzureMySqlSource",
									"query": {
										"value": "select * from dev_desm_file_manager.files where 1=2",
										"type": "Expression"
									},
									"queryTimeout": "02:00:00"
								},
								"sink": {
									"type": "AzureMySqlSink",
									"writeBatchSize": 10000,
									"writeBatchTimeout": "00:00:30",
									"preCopyScript": {
										"value": "update dev_desm_file_manager.files \nset Location ='Cloud'\nwhere Id =@{variables('id')}",
										"type": "Expression"
									}
								},
								"enableStaging": false,
								"translator": {
									"type": "TabularTranslator",
									"typeConversion": true,
									"typeConversionSettings": {
										"allowDataTruncation": true,
										"treatBooleanAsNumber": false
									}
								}
							},
							"inputs": [
								{
									"referenceName": "ds_file_manager_db",
									"type": "DatasetReference",
									"parameters": {
										"table_name": "''"
									}
								}
							],
							"outputs": [
								{
									"referenceName": "ds_file_manager_db",
									"type": "DatasetReference",
									"parameters": {
										"table_name": "files"
									}
								}
							]
						}
					]
				}
			},
			{
				"name": "post_migration_status",
				"type": "DatabricksNotebook",
				"dependsOn": [
					{
						"activity": "move_files_from_tb_to_temp_and_temp_to_nexus",
						"dependencyConditions": [
							"Succeeded"
						]
					}
				],
				"policy": {
					"timeout": "0.12:00:00",
					"retry": 0,
					"retryIntervalInSeconds": 30,
					"secureOutput": false,
					"secureInput": false
				},
				"userProperties": [],
				"typeProperties": {
					"notebookPath": "/Shared/Data Migration Code/7.Insert file transfer data into transformation db",
					"baseParameters": {
						"environment": {
							"value": "@pipeline().globalParameters.environment",
							"type": "Expression"
						},
						"tenant_id": {
							"value": "@pipeline().globalParameters.tenant_id",
							"type": "Expression"
						},
						"job_type_id": {
							"value": "@string(pipeline().globalParameters.job_type_id)",
							"type": "Expression"
						},
						"trans_server": {
							"value": "@pipeline().globalParameters.trans_server",
							"type": "Expression"
						},
						"trans_database": {
							"value": "@pipeline().globalParameters.trans_database",
							"type": "Expression"
						},
						"trans_user_name": {
							"value": "@pipeline().globalParameters.trans_user_name",
							"type": "Expression"
						},
						"trans_password_key": {
							"value": "@pipeline().globalParameters.trans_password_key",
							"type": "Expression"
						},
						"trans_port": {
							"value": "@string(pipeline().globalParameters.trans_port)",
							"type": "Expression"
						}
					}
				},
				"linkedServiceName": {
					"referenceName": "ls_databricks",
					"type": "LinkedServiceReference",
					"parameters": {
						"workspace_url": "https://adb-8337754776116449.1.databricks.azure.us",
						"workspace_resource_id": "/subscriptions/210e2698-8d26-4229-9e3b-0ec81192919e/resourceGroups/vverma-rg/providers/Microsoft.Databricks/workspaces/SafeFleetDatabricks_poc",
						"cluster_version": "10.4.x-scala2.12",
						"cluster_type": "Standard_DS3_v2",
						"worker_node": "2"
					}
				}
			}
		],
		"variables": {
			"id": {
				"type": "String"
			}
		},
		"folder": {
			"name": "Databricks"
		},
		"annotations": []
	}
}