{
	"name": "pl_onsite_trans_incremental",
	"properties": {
		"activities": [
			{
				"name": "lookup_all_objects",
				"type": "Lookup",
				"dependsOn": [],
				"policy": {
					"timeout": "7.00:00:00",
					"retry": 0,
					"retryIntervalInSeconds": 30,
					"secureOutput": false,
					"secureInput": false
				},
				"userProperties": [],
				"typeProperties": {
					"source": {
						"type": "PostgreSqlSource",
						"query": {
							"value": "select distinct kcu.table_schema,kcu.table_name,kcu.column_name \nfrom information_schema.table_constraints tco\njoin information_schema.key_column_usage kcu \n     on kcu.constraint_name = tco.constraint_name\n     and kcu.constraint_schema = tco.constraint_schema\n     and kcu.constraint_name = tco.constraint_name    \nwhere tco.constraint_type = 'PRIMARY KEY'\nand kcu.ordinal_position =1",
							"type": "Expression"
						}
					},
					"dataset": {
						"referenceName": "ds_des_all_tables",
						"type": "DatasetReference",
						"parameters": {
							"cw_table": "''"
						}
					},
					"firstRowOnly": false
				}
			},
			{
				"name": "foreach_table",
				"type": "ForEach",
				"dependsOn": [
					{
						"activity": "lookup_all_objects",
						"dependencyConditions": [
							"Succeeded"
						]
					}
				],
				"userProperties": [],
				"typeProperties": {
					"items": {
						"value": "@activity('lookup_all_objects').output.value",
						"type": "Expression"
					},
					"isSequential": false,
					"batchCount": 20,
					"activities": [
						{
							"name": "Incremental_copy_des_trans",
							"type": "ExecutePipeline",
							"dependsOn": [],
							"userProperties": [],
							"typeProperties": {
								"pipeline": {
									"referenceName": "pl_onsite_transformation_incremental_internal",
									"type": "PipelineReference"
								},
								"waitOnCompletion": true,
								"parameters": {
									"table_name": {
										"value": "@item().table_name",
										"type": "Expression"
									},
									"column_name": {
										"value": "@item().column_name",
										"type": "Expression"
									},
									"table_schema": {
										"value": "@item().table_schema",
										"type": "Expression"
									},
									"p_data_migration_audit_id_child_1": {
										"value": "@pipeline().parameters.p_data_migration_audit_id_child",
										"type": "Expression"
									},
									"p_created_by_child_1": {
										"value": "@pipeline().parameters.p_created_by",
										"type": "Expression"
									}
								}
							}
						}
					]
				}
			}
		],
		"parameters": {
			"p_data_migration_audit_id_child": {
				"type": "int"
			},
			"p_created_by": {
				"type": "string"
			}
		},
		"folder": {
			"name": "onsite to transformation"
		},
		"annotations": [],
		"lastPublishTime": "2022-05-19T14:29:49Z"
	},
	"type": "Microsoft.DataFactory/factories/pipelines"
}