{
	"name": "pl_onsite_transformation_incremental_internal",
	"properties": {
		"activities": [
			{
				"name": "lookup_des_last_update_value",
				"type": "Lookup",
				"dependsOn": [],
				"policy": {
					"timeout": "7.00:00:00",
					"retry": 0,
					"retryIntervalInSeconds": 30,
					"secureOutput": false,
					"secureInput": false
				},
				"userProperties": [],
				"typeProperties": {
					"source": {
						"type": "PostgreSqlSource",
						"query": {
							"value": "select case\n\t\t    WHEN max(@{pipeline().parameters.column_name}) is null THEN 0  \n            else max(@{pipeline().parameters.column_name})\n        END as id\nfrom @{pipeline().parameters.table_schema}.\n@{pipeline().parameters.table_name}",
							"type": "Expression"
						}
					},
					"dataset": {
						"referenceName": "ds_des_fb_incremental",
						"type": "DatasetReference",
						"parameters": {
							"table_name": {
								"value": "@pipeline().parameters.table_schema",
								"type": "Expression"
							},
							"table_schema": {
								"value": "@pipeline().parameters.table_name",
								"type": "Expression"
							}
						}
					},
					"firstRowOnly": true
				}
			},
			{
				"name": "lookup_transformation_last_update_value",
				"type": "Lookup",
				"dependsOn": [],
				"policy": {
					"timeout": "7.00:00:00",
					"retry": 0,
					"retryIntervalInSeconds": 30,
					"secureOutput": false,
					"secureInput": false
				},
				"userProperties": [],
				"typeProperties": {
					"source": {
						"type": "AzurePostgreSqlSource",
						"query": {
							"value": "select case\n\t\t    WHEN max(@{pipeline().parameters.column_name}) is null THEN 0  \n            else max(@{pipeline().parameters.column_name})\n        END as id\nfrom @{pipeline().parameters.table_schema}.\n@{pipeline().parameters.table_name}",
							"type": "Expression"
						},
						"partitionOption": "None"
					},
					"dataset": {
						"referenceName": "ds_transformation_db",
						"type": "DatasetReference",
						"parameters": {
							"table_schema": {
								"value": "@pipeline().parameters.table_schema",
								"type": "Expression"
							},
							"table_name": {
								"value": "@pipeline().parameters.table_name",
								"type": "Expression"
							}
						}
					},
					"firstRowOnly": true
				}
			},
			{
				"name": "incremental_copy_des_trans",
				"type": "Copy",
				"dependsOn": [
					{
						"activity": "lookup_des_last_update_value",
						"dependencyConditions": [
							"Succeeded"
						]
					},
					{
						"activity": "lookup_transformation_last_update_value",
						"dependencyConditions": [
							"Succeeded"
						]
					}
				],
				"policy": {
					"timeout": "7.00:00:00",
					"retry": 0,
					"retryIntervalInSeconds": 30,
					"secureOutput": false,
					"secureInput": false
				},
				"userProperties": [],
				"typeProperties": {
					"source": {
						"type": "PostgreSqlSource",
						"query": {
							"value": "select * from @{pipeline().parameters.table_schema}.@{pipeline().parameters.table_name}\nwhere @{pipeline().parameters.column_name} <=\n'@{activity('lookup_des_last_update_value').output.firstrow.id}'\nand @{pipeline().parameters.column_name} >\n'@{activity('lookup_transformation_last_update_value').output.firstrow.id}'",
							"type": "Expression"
						}
					},
					"sink": {
						"type": "AzurePostgreSQLSink",
						"writeBatchSize": 1000000,
						"writeBatchTimeout": "00:30:00",
						"writeMethod": "CopyCommand"
					},
					"enableStaging": false,
					"validateDataConsistency": false
				},
				"inputs": [
					{
						"referenceName": "ds_des_fb_incremental",
						"type": "DatasetReference",
						"parameters": {
							"table_name": {
								"value": "@pipeline().parameters.table_name",
								"type": "Expression"
							},
							"table_schema": {
								"value": "@pipeline().parameters.table_schema",
								"type": "Expression"
							}
						}
					}
				],
				"outputs": [
					{
						"referenceName": "ds_transformation_db",
						"type": "DatasetReference",
						"parameters": {
							"table_schema": "@pipeline().parameters.table_schema",
							"table_name": "@pipeline().parameters.table_name"
						}
					}
				]
			},
			{
				"name": "log_error_des_trans",
				"type": "Copy",
				"dependsOn": [
					{
						"activity": "incremental_copy_des_trans",
						"dependencyConditions": [
							"Failed"
						]
					}
				],
				"policy": {
					"timeout": "7.00:00:00",
					"retry": 0,
					"retryIntervalInSeconds": 30,
					"secureOutput": false,
					"secureInput": false
				},
				"userProperties": [],
				"typeProperties": {
					"source": {
						"type": "AzureMySqlSource",
						"query": {
							"value": "SELECT \n'@{pipeline().DataFactory}' as data_factory_name,\n'@{pipeline().Pipeline}' as pipeline_name,\n'@{pipeline().RunId}' as run_id,\n'@{pipeline().TriggerType}' as trigger_type,\n'@{pipeline().TriggerId}' as trigger_id,\n'@{pipeline().TriggerName}' as trigger_name,\n'@{div(sub(ticks(adddays(pipeline().TriggerTime, -0)), ticks('1970-01-01')),10000000)}' as trigger_time,\n'@{replace(activity('incremental_copy_des_trans').error.message,'''','')}' as error_description,\n'@{activity('incremental_copy_des_trans').error.errorCode}' as error_code,\n'@{div(sub(ticks(adddays(utcnow(), -0)), ticks('1970-01-01')),10000000)}' as error_logged_time,\n'@{activity('incremental_copy_des_trans').error.failureType}' as failure_type,\n'@{pipeline().parameters.table_name}' as entity_name,\n'@{activity('incremental_copy_des_trans').ActivityRunId}' as activity_run_id,\n'@{pipeline().parameters.p_data_migration_audit_id_child_1}' as data_migration_audit_id,\n'@{pipeline().parameters.p_created_by_child_1}' as created_by,\n'@{div(sub(ticks(adddays(pipeline().TriggerTime, -0)), ticks('1970-01-01')),10000000)}'\tas created_on,\n''as modified_by,\n0 as modified_on,\n1 as active",
							"type": "Expression"
						},
						"queryTimeout": "02:00:00"
					},
					"sink": {
						"type": "AzureMySqlSink",
						"writeBatchSize": 10000,
						"writeBatchTimeout": "00:00:30"
					},
					"enableStaging": false
				},
				"inputs": [
					{
						"referenceName": "ds_datamigration_db",
						"type": "DatasetReference",
						"parameters": {
							"table_name": "adf_pipeline_errors"
						}
					}
				],
				"outputs": [
					{
						"referenceName": "ds_datamigration_db",
						"type": "DatasetReference",
						"parameters": {
							"table_name": "adf_pipeline_errors"
						}
					}
				]
			},
			{
				"name": "log_success_des_trans",
				"type": "Copy",
				"dependsOn": [
					{
						"activity": "incremental_copy_des_trans",
						"dependencyConditions": [
							"Succeeded"
						]
					}
				],
				"policy": {
					"timeout": "7.00:00:00",
					"retry": 0,
					"retryIntervalInSeconds": 30,
					"secureOutput": false,
					"secureInput": false
				},
				"userProperties": [],
				"typeProperties": {
					"source": {
						"type": "AzureMySqlSource",
						"query": {
							"value": "SELECT \n '@{pipeline().DataFactory}' as data_factory_name,\n '@{pipeline().Pipeline}' as pipeline_name,\n '@{pipeline().RunId}' as run_id,\n '@{pipeline().TriggerType}' as trigger_type,\n '@{pipeline().TriggerId}' as trigger_id,\n '@{div(sub(ticks(adddays(pipeline().TriggerTime, -1)), ticks('1970-01-01')),10000000)}' as trigger_time,\n '@{pipeline().TriggerName}' as trigger_name,\n '@{activity('incremental_copy_des_trans').output.rowsCopied}' as rows_copied,\n '@{activity('incremental_copy_des_trans').output.DataRead}' as data_read,\n '@{activity('incremental_copy_des_trans').output.usedParallelCopies}' as no_parallel_copies,\n '@{activity('incremental_copy_des_trans').output.copyDuration}' as copy_duration_in_secs,\n '@{activity('incremental_copy_des_trans').output.effectiveIntegrationRuntime}' as effective_integration_run_time,\n '@{activity('incremental_copy_des_trans').output.executionDetails[0].source.type}' as source_type,\n '@{activity('incremental_copy_des_trans').output.executionDetails[0].sink.type}' as sink_type,\n '@{activity('incremental_copy_des_trans').output.executionDetails[0].status}' as execution_status,\n '@{div(sub(ticks(adddays(activity('incremental_copy_des_trans').output.executionDetails[0].start, -1)), ticks('1970-01-01')),10000000)}' as copy_activity_start_time,\n '@{div(sub(ticks(adddays(utcnow(), -1)), ticks('1970-01-01')),10000000)}' as copy_activity_end_time,\n '@{activity('incremental_copy_des_trans').output.executionDetails[0].detailedDurations.queuingDuration}' as copy_activity_queuing_duration_in_secs,\n '@{activity('incremental_copy_des_trans').output.executionDetails[0].detailedDurations.transferDuration}' as copy_activity_transfer_duration_in_secs,\n '@{pipeline().parameters.table_name}' as entity_name,\n '@{activity('incremental_copy_des_trans').ActivityRunId}' as activity_run_id,\n '@{pipeline().parameters.p_data_migration_audit_id_child_1}' as data_migration_audit_id,\n '@{pipeline().parameters.p_created_by_child_1}' as created_by,\n '@{div(sub(ticks(adddays(pipeline().TriggerTime, -1)), ticks('1970-01-01')),10000000)}'as created_on,\n '' as modified_by,\n  0 as modified_on,\n 1 as active",
							"type": "Expression"
						},
						"queryTimeout": "02:00:00"
					},
					"sink": {
						"type": "AzureMySqlSink",
						"writeBatchSize": 10000,
						"writeBatchTimeout": "00:00:30"
					},
					"enableStaging": false
				},
				"inputs": [
					{
						"referenceName": "ds_datamigration_db",
						"type": "DatasetReference",
						"parameters": {
							"table_name": "adf_pipeline_logs"
						}
					}
				],
				"outputs": [
					{
						"referenceName": "ds_datamigration_db",
						"type": "DatasetReference",
						"parameters": {
							"table_name": "adf_pipeline_logs"
						}
					}
				]
			}
		],
		"parameters": {
			"table_name": {
				"type": "string"
			},
			"column_name": {
				"type": "string"
			},
			"table_schema": {
				"type": "string"
			},
			"p_data_migration_audit_id_child_1": {
				"type": "int"
			},
			"p_created_by_child_1": {
				"type": "string"
			}
		},
		"folder": {
			"name": "onsite to transformation"
		},
		"annotations": [],
		"lastPublishTime": "2022-06-20T08:52:12Z"
	},
	"type": "Microsoft.DataFactory/factories/pipelines"
}