{
	"name": "pl_onsite_trans_backup",
	"properties": {
		"activities": [
			{
				"name": "for_each_des_trans_table",
				"type": "ForEach",
				"dependsOn": [
					{
						"activity": "drop_constraints",
						"dependencyConditions": [
							"Succeeded"
						]
					}
				],
				"userProperties": [],
				"typeProperties": {
					"items": {
						"value": "@variables('cwitems')",
						"type": "Expression"
					},
					"activities": [
						{
							"name": "load_des_trans",
							"type": "Copy",
							"dependsOn": [],
							"policy": {
								"timeout": "7.00:00:00",
								"retry": 0,
								"retryIntervalInSeconds": 30,
								"secureOutput": false,
								"secureInput": false
							},
							"userProperties": [
								{
									"name": "Source",
									"value": "fb.@{item().source.table}"
								},
								{
									"name": "Destination",
									"value": "fb.@{item().destination.table}"
								}
							],
							"typeProperties": {
								"source": {
									"type": "PostgreSqlSource"
								},
								"sink": {
									"type": "AzurePostgreSQLSink",
									"writeBatchSize": 1000000,
									"writeBatchTimeout": "00:30:00"
								},
								"enableStaging": false,
								"validateDataConsistency": false
							},
							"inputs": [
								{
									"referenceName": "ds_des_all_tables",
									"type": "DatasetReference",
									"parameters": {
										"cw_table": "@item().source.table"
									}
								}
							],
							"outputs": [
								{
									"referenceName": "ds_trans_all_tables",
									"type": "DatasetReference",
									"parameters": {
										"cw_table": "@item().destination.table"
									}
								}
							]
						},
						{
							"name": "log_success_des_trans",
							"type": "Copy",
							"dependsOn": [
								{
									"activity": "load_des_trans",
									"dependencyConditions": [
										"Succeeded"
									]
								}
							],
							"policy": {
								"timeout": "7.00:00:00",
								"retry": 0,
								"retryIntervalInSeconds": 30,
								"secureOutput": false,
								"secureInput": false
							},
							"userProperties": [],
							"typeProperties": {
								"source": {
									"type": "AzureMySqlSource",
									"query": {
										"value": "SELECT \n '@{pipeline().DataFactory}' as data_factory_name,\n '@{pipeline().Pipeline}' as pipeline_name,\n '@{pipeline().RunId}' as run_id,\n '@{pipeline().TriggerType}' as trigger_type,\n '@{pipeline().TriggerId}' as trigger_id,\n '@{div(sub(ticks(adddays(pipeline().TriggerTime, -1)), ticks('1970-01-01')),10000000)}' as trigger_time,\n '@{pipeline().TriggerName}' as trigger_name,\n '@{activity('load_DES_trans').output.rowsCopied}' as rows_copied,\n '@{activity('load_DES_trans').output.DataRead}' as data_read,\n '@{activity('load_DES_trans').output.usedParallelCopies}' as no_parallel_copies,\n '@{activity('load_DES_trans').output.copyDuration}' as copy_duration_in_secs,\n '@{activity('load_DES_trans').output.effectiveIntegrationRuntime}' as effective_integration_run_time,\n '@{activity('load_DES_trans').output.executionDetails[0].source.type}' as source_type,\n '@{activity('load_DES_trans').output.executionDetails[0].sink.type}' as sink_type,\n '@{activity('load_DES_trans').output.executionDetails[0].status}' as execution_status,\n '@{div(sub(ticks(adddays(activity('load_DES_trans').output.executionDetails[0].start, -1)), ticks('1970-01-01')),10000000)}' as copy_activity_start_time,\n '@{div(sub(ticks(adddays(utcnow(), -1)), ticks('1970-01-01')),10000000)}' as copy_activity_end_time,\n '@{activity('load_DES_trans').output.executionDetails[0].detailedDurations.queuingDuration}' as copy_activity_queuing_duration_in_secs,\n '@{activity('load_DES_trans').output.executionDetails[0].detailedDurations.transferDuration}' as copy_activity_transfer_duration_in_secs,\n '@{item().destination.table}' as entity_name,\n '@{activity('load_DES_trans').ActivityRunId}' as activity_run_id,\n '@{pipeline().parameters.p_data_migration_audit_id_child}' as data_migration_audit_id,\n '@{pipeline().parameters.p_created_by_child}' as created_by,\n '@{div(sub(ticks(adddays(pipeline().TriggerTime, -1)), ticks('1970-01-01')),10000000)}'as created_on,\n '' as modified_by,\n  0 as modified_on,\n 1 as active",
										"type": "Expression"
									},
									"queryTimeout": "02:00:00"
								},
								"sink": {
									"type": "AzureMySqlSink",
									"writeBatchSize": 10000,
									"writeBatchTimeout": "00:00:30"
								},
								"enableStaging": false
							},
							"inputs": [
								{
									"referenceName": "ds_datamigration_db",
									"type": "DatasetReference",
									"parameters": {
										"table_name": "adf_pipeline_logs"
									}
								}
							],
							"outputs": [
								{
									"referenceName": "ds_datamigration_db",
									"type": "DatasetReference",
									"parameters": {
										"table_name": "adf_pipeline_logs"
									}
								}
							]
						},
						{
							"name": "log_error_des_trans",
							"type": "Copy",
							"dependsOn": [
								{
									"activity": "load_des_trans",
									"dependencyConditions": [
										"Failed"
									]
								}
							],
							"policy": {
								"timeout": "7.00:00:00",
								"retry": 0,
								"retryIntervalInSeconds": 30,
								"secureOutput": false,
								"secureInput": false
							},
							"userProperties": [],
							"typeProperties": {
								"source": {
									"type": "AzureMySqlSource",
									"query": {
										"value": "SELECT \n'@{pipeline().DataFactory}' as data_factory_name,\n'@{pipeline().Pipeline}' as pipeline_name,\n'@{pipeline().RunId}' as run_id,\n'@{pipeline().TriggerType}' as trigger_type,\n'@{pipeline().TriggerId}' as trigger_id,\n'@{pipeline().TriggerName}' as trigger_name,\n'@{div(sub(ticks(adddays(pipeline().TriggerTime, -0)), ticks('1970-01-01')),10000000)}' as trigger_time,\n'@{replace(activity('load_DES_trans').error.message,'''','')}' as error_description,\n'@{activity('load_DES_trans').error.errorCode}' as error_code,\n'@{div(sub(ticks(adddays(utcnow(), -0)), ticks('1970-01-01')),10000000)}' as error_logged_time,\n'@{activity('load_DES_trans').error.failureType}' as failure_type,\n'@{item().destination.table}' as entity_name,\n'@{activity('load_DES_trans').ActivityRunId}' as activity_run_id,\n'@{pipeline().parameters.p_data_migration_audit_id_child}' as data_migration_audit_id,\n'@{pipeline().parameters.p_created_by_child}' as created_by,\n'@{div(sub(ticks(adddays(pipeline().TriggerTime, -0)), ticks('1970-01-01')),10000000)}'\tas created_on,\n''as modified_by,\n0 as modified_on,\n1 as active",
										"type": "Expression"
									},
									"queryTimeout": "02:00:00"
								},
								"sink": {
									"type": "AzureMySqlSink",
									"writeBatchSize": 10000,
									"writeBatchTimeout": "00:00:30"
								},
								"enableStaging": false
							},
							"inputs": [
								{
									"referenceName": "ds_datamigration_db",
									"type": "DatasetReference",
									"parameters": {
										"table_name": "adf_pipeline_errors"
									}
								}
							],
							"outputs": [
								{
									"referenceName": "ds_datamigration_db",
									"type": "DatasetReference",
									"parameters": {
										"table_name": "adf_pipeline_errors"
									}
								}
							]
						}
					]
				}
			},
			{
				"name": "drop_constraints",
				"type": "Lookup",
				"dependsOn": [],
				"policy": {
					"timeout": "7.00:00:00",
					"retry": 0,
					"retryIntervalInSeconds": 30,
					"secureOutput": false,
					"secureInput": false
				},
				"userProperties": [],
				"typeProperties": {
					"source": {
						"type": "AzurePostgreSqlSource",
						"query": "select create_ddl_func_v1(1)",
						"partitionOption": "None"
					},
					"dataset": {
						"referenceName": "ds_transformation_db",
						"type": "DatasetReference",
						"parameters": {
							"table_schema": "\"",
							"table_name": "\""
						}
					},
					"firstRowOnly": false
				}
			},
			{
				"name": "recreate_constraints",
				"type": "Lookup",
				"dependsOn": [
					{
						"activity": "for_each_des_trans_table",
						"dependencyConditions": [
							"Succeeded"
						]
					}
				],
				"policy": {
					"timeout": "7.00:00:00",
					"retry": 0,
					"retryIntervalInSeconds": 30,
					"secureOutput": false,
					"secureInput": false
				},
				"userProperties": [],
				"typeProperties": {
					"source": {
						"type": "AzurePostgreSqlSource",
						"query": "select create_ddl_func_v1()",
						"partitionOption": "None"
					},
					"dataset": {
						"referenceName": "ds_transformation_db",
						"type": "DatasetReference",
						"parameters": {
							"table_schema": "\"",
							"table_name": "\""
						}
					},
					"firstRowOnly": false
				}
			}
		],
		"parameters": {
			"p_data_migration_audit_id_child": {
				"type": "int"
			},
			"p_created_by_child": {
				"type": "string"
			}
		},
		"variables": {
			"cwitems": {
				"type": "Array",
				"defaultValue": [
					{
						"source": {
							"table": "activity_log"
						},
						"destination": {
							"table": "activity_log"
						}
					},
					{
						"source": {
							"table": "app_props"
						},
						"destination": {
							"table": "app_props"
						}
					},
					{
						"source": {
							"table": "backup_location"
						},
						"destination": {
							"table": "backup_location"
						}
					},
					{
						"source": {
							"table": "backup_type"
						},
						"destination": {
							"table": "backup_type"
						}
					},
					{
						"source": {
							"table": "bookmark"
						},
						"destination": {
							"table": "bookmark"
						}
					},
					{
						"source": {
							"table": "bu_pc"
						},
						"destination": {
							"table": "bu_pc"
						}
					},
					{
						"source": {
							"table": "cad_incident"
						},
						"destination": {
							"table": "cad_incident"
						}
					},
					{
						"source": {
							"table": "cad_unit"
						},
						"destination": {
							"table": "cad_unit"
						}
					},
					{
						"source": {
							"table": "case_classification"
						},
						"destination": {
							"table": "case_classification"
						}
					},
					{
						"source": {
							"table": "case_comment"
						},
						"destination": {
							"table": "case_comment"
						}
					},
					{
						"source": {
							"table": "case_folder"
						},
						"destination": {
							"table": "case_folder"
						}
					},
					{
						"source": {
							"table": "case_folder_users"
						},
						"destination": {
							"table": "case_folder_users"
						}
					},
					{
						"source": {
							"table": "case_note"
						},
						"destination": {
							"table": "case_note"
						}
					},
					{
						"source": {
							"table": "cloud_recipient"
						},
						"destination": {
							"table": "cloud_recipient"
						}
					},
					{
						"source": {
							"table": "cloud_share"
						},
						"destination": {
							"table": "cloud_share"
						}
					},
					{
						"source": {
							"table": "cloud_share_cloud_recipient"
						},
						"destination": {
							"table": "cloud_share_cloud_recipient"
						}
					},
					{
						"source": {
							"table": "cloud_share_media"
						},
						"destination": {
							"table": "cloud_share_media"
						}
					},
					{
						"source": {
							"table": "cron_task_cfg"
						},
						"destination": {
							"table": "cron_task_cfg"
						}
					},
					{
						"source": {
							"table": "curr_stats"
						},
						"destination": {
							"table": "curr_stats"
						}
					},
					{
						"source": {
							"table": "defendant"
						},
						"destination": {
							"table": "defendant"
						}
					},
					{
						"source": {
							"table": "disk_type"
						},
						"destination": {
							"table": "disk_type"
						}
					},
					{
						"source": {
							"table": "dvd_db_props"
						},
						"destination": {
							"table": "dvd_db_props"
						}
					},
					{
						"source": {
							"table": "dvr_conflict"
						},
						"destination": {
							"table": "dvr_conflict"
						}
					},
					{
						"source": {
							"table": "dvr_groups"
						},
						"destination": {
							"table": "dvr_groups"
						}
					},
					{
						"source": {
							"table": "favorite"
						},
						"destination": {
							"table": "favorite"
						}
					},
					{
						"source": {
							"table": "firmware"
						},
						"destination": {
							"table": "firmware"
						}
					},
					{
						"source": {
							"table": "job"
						},
						"destination": {
							"table": "job"
						}
					},
					{
						"source": {
							"table": "loadbalancing_weights"
						},
						"destination": {
							"table": "loadbalancing_weights"
						}
					},
					{
						"source": {
							"table": "log_type"
						},
						"destination": {
							"table": "log_type"
						}
					},
					{
						"source": {
							"table": "mail_server"
						},
						"destination": {
							"table": "mail_server"
						}
					},
					{
						"source": {
							"table": "mail_server_transport_props"
						},
						"destination": {
							"table": "mail_server_transport_props"
						}
					},
					{
						"source": {
							"table": "media"
						},
						"destination": {
							"table": "media"
						}
					},
					{
						"source": {
							"table": "media_case_folder"
						},
						"destination": {
							"table": "media_case_folder"
						}
					},
					{
						"source": {
							"table": "media_deletion_event"
						},
						"destination": {
							"table": "media_deletion_event"
						}
					},
					{
						"source": {
							"table": "media_groups"
						},
						"destination": {
							"table": "media_groups"
						}
					},
					{
						"source": {
							"table": "media_priority"
						},
						"destination": {
							"table": "media_priority"
						}
					},
					{
						"source": {
							"table": "media_status"
						},
						"destination": {
							"table": "media_status"
						}
					},
					{
						"source": {
							"table": "media_type"
						},
						"destination": {
							"table": "media_type"
						}
					},
					{
						"source": {
							"table": "media_url"
						},
						"destination": {
							"table": "media_url"
						}
					},
					{
						"source": {
							"table": "media_view_perm"
						},
						"destination": {
							"table": "media_view_perm"
						}
					},
					{
						"source": {
							"table": "messaging_configuration"
						},
						"destination": {
							"table": "messaging_configuration"
						}
					},
					{
						"source": {
							"table": "mime_display_rule"
						},
						"destination": {
							"table": "mime_display_rule"
						}
					},
					{
						"source": {
							"table": "mobile_devices"
						},
						"destination": {
							"table": "mobile_devices"
						}
					},
					{
						"source": {
							"table": "module"
						},
						"destination": {
							"table": "module"
						}
					},
					{
						"source": {
							"table": "njsp_call_code"
						},
						"destination": {
							"table": "njsp_call_code"
						}
					},
					{
						"source": {
							"table": "njsp_hcp_media"
						},
						"destination": {
							"table": "njsp_hcp_media"
						}
					},
					{
						"source": {
							"table": "njsp_media_props"
						},
						"destination": {
							"table": "njsp_media_props"
						}
					},
					{
						"source": {
							"table": "njsp_unit_code"
						},
						"destination": {
							"table": "njsp_unit_code"
						}
					},
					{
						"source": {
							"table": "officer"
						},
						"destination": {
							"table": "officer"
						}
					},
					{
						"source": {
							"table": "password"
						},
						"destination": {
							"table": "password"
						}
					},
					{
						"source": {
							"table": "precinct"
						},
						"destination": {
							"table": "precinct"
						}
					},
					{
						"source": {
							"table": "precinct_stats"
						},
						"destination": {
							"table": "precinct_stats"
						}
					},
					{
						"source": {
							"table": "qual_case_note"
						},
						"destination": {
							"table": "qual_case_note"
						}
					},
					{
						"source": {
							"table": "race"
						},
						"destination": {
							"table": "race"
						}
					},
					{
						"source": {
							"table": "remote_media_status"
						},
						"destination": {
							"table": "remote_media_status"
						}
					},
					{
						"source": {
							"table": "remote_precinct_config"
						},
						"destination": {
							"table": "remote_precinct_config"
						}
					},
					{
						"source": {
							"table": "report_media"
						},
						"destination": {
							"table": "report_media"
						}
					},
					{
						"source": {
							"table": "reports"
						},
						"destination": {
							"table": "reports"
						}
					},
					{
						"source": {
							"table": "request_reasons"
						},
						"destination": {
							"table": "request_reasons"
						}
					},
					{
						"source": {
							"table": "storage"
						},
						"destination": {
							"table": "storage"
						}
					},
					{
						"source": {
							"table": "subject_type"
						},
						"destination": {
							"table": "subject_type"
						}
					},
					{
						"source": {
							"table": "sys_bkup"
						},
						"destination": {
							"table": "sys_bkup"
						}
					},
					{
						"source": {
							"table": "sys_resource"
						},
						"destination": {
							"table": "sys_resource"
						}
					},
					{
						"source": {
							"table": "time_meta_data"
						},
						"destination": {
							"table": "time_meta_data"
						}
					},
					{
						"source": {
							"table": "unit"
						},
						"destination": {
							"table": "unit"
						}
					},
					{
						"source": {
							"table": "unit_errors"
						},
						"destination": {
							"table": "unit_errors"
						}
					},
					{
						"source": {
							"table": "unit_stats"
						},
						"destination": {
							"table": "unit_stats"
						}
					},
					{
						"source": {
							"table": "unit_types"
						},
						"destination": {
							"table": "unit_types"
						}
					},
					{
						"source": {
							"table": "user_groups"
						},
						"destination": {
							"table": "user_groups"
						}
					},
					{
						"source": {
							"table": "user_message"
						},
						"destination": {
							"table": "user_message"
						}
					},
					{
						"source": {
							"table": "user_message_action"
						},
						"destination": {
							"table": "user_message_action"
						}
					},
					{
						"source": {
							"table": "user_message_prop"
						},
						"destination": {
							"table": "user_message_prop"
						}
					},
					{
						"source": {
							"table": "user_message_user_message_action"
						},
						"destination": {
							"table": "user_message_user_message_action"
						}
					},
					{
						"source": {
							"table": "user_metadata"
						},
						"destination": {
							"table": "user_metadata"
						}
					},
					{
						"source": {
							"table": "user_metadata_type"
						},
						"destination": {
							"table": "user_metadata_type"
						}
					},
					{
						"source": {
							"table": "user_sys_resource"
						},
						"destination": {
							"table": "user_sys_resource"
						}
					},
					{
						"source": {
							"table": "user_type"
						},
						"destination": {
							"table": "user_type"
						}
					},
					{
						"source": {
							"table": "user_type_sys_resource"
						},
						"destination": {
							"table": "user_type_sys_resource"
						}
					},
					{
						"source": {
							"table": "users"
						},
						"destination": {
							"table": "users"
						}
					},
					{
						"source": {
							"table": "vid_med_note"
						},
						"destination": {
							"table": "vid_med_note"
						}
					},
					{
						"source": {
							"table": "video_note"
						},
						"destination": {
							"table": "video_note"
						}
					}
				]
			}
		},
		"folder": {
			"name": "onsite to transformation"
		},
		"annotations": [],
		"lastPublishTime": "2022-06-20T08:52:12Z"
	},
	"type": "Microsoft.DataFactory/factories/pipelines"
}