{
	"name": "pl_onsite_db_transformation_master",
	"properties": {
		"activities": [
			{
				"name": "switch_des_transformation_run_condition",
				"type": "Switch",
				"dependsOn": [],
				"userProperties": [],
				"typeProperties": {
					"on": {
						"value": "@pipeline().parameters.p_run_condition",
						"type": "Expression"
					},
					"cases": [
						{
							"value": "first-run",
							"activities": [
								{
									"name": "Execute_PL_DES_Trans_Backup",
									"type": "ExecutePipeline",
									"dependsOn": [],
									"userProperties": [],
									"typeProperties": {
										"pipeline": {
											"referenceName": "pl_onsite_trans_backup",
											"type": "PipelineReference"
										},
										"waitOnCompletion": true,
										"parameters": {
											"p_data_migration_audit_id_child": {
												"value": "@pipeline().parameters.p_data_migration_audit_id",
												"type": "Expression"
											},
											"p_created_by_child": {
												"value": "@pipeline().parameters.p_created_by",
												"type": "Expression"
											}
										}
									}
								}
							]
						},
						{
							"value": "re-run",
							"activities": [
								{
									"name": "Execute_PL_DES_Trans_Built_In_Re_Run",
									"type": "ExecutePipeline",
									"dependsOn": [],
									"userProperties": [],
									"typeProperties": {
										"pipeline": {
											"referenceName": "pl_onsite_trans_built_in_re_run",
											"type": "PipelineReference"
										},
										"waitOnCompletion": true,
										"parameters": {
											"p_data_migration_audit_id_child": {
												"value": "@pipeline().parameters.p_data_migration_audit_id",
												"type": "Expression"
											},
											"p_created_by_child": {
												"value": "@pipeline().parameters.p_created_by",
												"type": "Expression"
											}
										}
									}
								}
							]
						},
						{
							"value": "delta-run",
							"activities": [
								{
									"name": "Execute_PL_DES_Trans_Incremental",
									"type": "ExecutePipeline",
									"dependsOn": [],
									"userProperties": [],
									"typeProperties": {
										"pipeline": {
											"referenceName": "pl_onsite_trans_incremental",
											"type": "PipelineReference"
										},
										"waitOnCompletion": true,
										"parameters": {
											"p_data_migration_audit_id_child": {
												"value": "@pipeline().parameters.p_data_migration_audit_id",
												"type": "Expression"
											},
											"p_created_by": {
												"value": "@pipeline().parameters.p_created_by",
												"type": "Expression"
											}
										}
									}
								}
							]
						},
						{
							"value": "delta-re-run",
							"activities": [
								{
									"name": "PL_DES_Trans_Incremental_Re-Run",
									"type": "ExecutePipeline",
									"dependsOn": [],
									"userProperties": [],
									"typeProperties": {
										"pipeline": {
											"referenceName": "pl_onsite_trans_incremental_re-run",
											"type": "PipelineReference"
										},
										"waitOnCompletion": true,
										"parameters": {
											"p_data_migration_audit_id": {
												"value": "@pipeline().parameters.p_data_migration_audit_id",
												"type": "Expression"
											},
											"p_created_by": {
												"value": "@pipeline().parameters.p_created_by",
												"type": "Expression"
											}
										}
									}
								}
							]
						}
					]
				}
			},
			{
				"name": "success_log",
				"type": "Copy",
				"dependsOn": [
					{
						"activity": "switch_des_transformation_run_condition",
						"dependencyConditions": [
							"Succeeded"
						]
					}
				],
				"policy": {
					"timeout": "0.12:00:00",
					"retry": 0,
					"retryIntervalInSeconds": 30,
					"secureOutput": false,
					"secureInput": false
				},
				"userProperties": [],
				"typeProperties": {
					"source": {
						"type": "AzureMySqlSource",
						"query": {
							"value": "select * from data_migration.data_migration_audit where 1=2",
							"type": "Expression"
						},
						"queryTimeout": "02:00:00"
					},
					"sink": {
						"type": "AzureMySqlSink",
						"writeBatchSize": 10000,
						"writeBatchTimeout": "00:00:30",
						"preCopyScript": {
							"value": "update data_migration.data_migration_audit\nset status= '@{variables('success_status')}'\nwhere id= @{pipeline().parameters.p_data_migration_audit_id};",
							"type": "Expression"
						}
					},
					"enableStaging": false,
					"translator": {
						"type": "TabularTranslator",
						"typeConversion": true,
						"typeConversionSettings": {
							"allowDataTruncation": true,
							"treatBooleanAsNumber": false
						}
					}
				},
				"inputs": [
					{
						"referenceName": "ds_datamigration_db",
						"type": "DatasetReference",
						"parameters": {
							"table_name": "data_migration_audit"
						}
					}
				],
				"outputs": [
					{
						"referenceName": "ds_datamigration_db",
						"type": "DatasetReference",
						"parameters": {
							"table_name": "data_migration_audit"
						}
					}
				]
			},
			{
				"name": "failure_log",
				"type": "Copy",
				"dependsOn": [
					{
						"activity": "switch_des_transformation_run_condition",
						"dependencyConditions": [
							"Failed"
						]
					}
				],
				"policy": {
					"timeout": "0.12:00:00",
					"retry": 0,
					"retryIntervalInSeconds": 30,
					"secureOutput": false,
					"secureInput": false
				},
				"userProperties": [],
				"typeProperties": {
					"source": {
						"type": "AzureMySqlSource",
						"query": {
							"value": "select * from data_migration.data_migration_audit where 1=2",
							"type": "Expression"
						},
						"queryTimeout": "02:00:00"
					},
					"sink": {
						"type": "AzureMySqlSink",
						"writeBatchSize": 10000,
						"writeBatchTimeout": "00:00:30",
						"preCopyScript": {
							"value": "update data_migration.data_migration_audit\nset status= '@{variables('failure_status')}'\nwhere id= @{pipeline().parameters.p_data_migration_audit_id};",
							"type": "Expression"
						}
					},
					"enableStaging": false,
					"translator": {
						"type": "TabularTranslator",
						"typeConversion": true,
						"typeConversionSettings": {
							"allowDataTruncation": true,
							"treatBooleanAsNumber": false
						}
					}
				},
				"inputs": [
					{
						"referenceName": "ds_datamigration_db",
						"type": "DatasetReference",
						"parameters": {
							"table_name": "data_migration_audit"
						}
					}
				],
				"outputs": [
					{
						"referenceName": "ds_datamigration_db",
						"type": "DatasetReference",
						"parameters": {
							"table_name": "data_migration_audit"
						}
					}
				]
			},
			{
				"name": "execute_pl_source_file_server_info",
				"type": "ExecutePipeline",
				"dependsOn": [
					{
						"activity": "switch_des_transformation_run_condition",
						"dependencyConditions": [
							"Succeeded"
						]
					}
				],
				"userProperties": [],
				"typeProperties": {
					"pipeline": {
						"referenceName": "pl_source_file_server_info",
						"type": "PipelineReference"
					},
					"waitOnCompletion": true,
					"parameters": {
						"p_created_by": {
							"value": "@pipeline().parameters.p_created_by",
							"type": "Expression"
						},
						"p_report_type": {
							"value": "@pipeline().parameters.p_report_type",
							"type": "Expression"
						}
					}
				}
			}
		],
		"parameters": {
			"p_run_condition": {
				"type": "string"
			},
			"p_data_migration_audit_id": {
				"type": "int"
			},
			"p_created_by": {
				"type": "string"
			},
			"p_report_type": {
				"type": "int"
			}
		},
		"variables": {
			"success_status": {
				"type": "String",
				"defaultValue": "Succeeded"
			},
			"failure_status": {
				"type": "String",
				"defaultValue": "Failed"
			}
		},
		"folder": {
			"name": "onsite to transformation"
		},
		"annotations": [],
		"lastPublishTime": "2022-06-20T08:52:13Z"
	},
	"type": "Microsoft.DataFactory/factories/pipelines"
}