{
	"name": "pl_onsite_trans_built_in_re_run",
	"properties": {
		"activities": [
			{
				"name": "lookup_data_migration_error_table",
				"type": "Lookup",
				"dependsOn": [
					{
						"activity": "drop_constraints",
						"dependencyConditions": [
							"Succeeded"
						]
					}
				],
				"policy": {
					"timeout": "7.00:00:00",
					"retry": 0,
					"retryIntervalInSeconds": 30,
					"secureOutput": false,
					"secureInput": false
				},
				"userProperties": [],
				"typeProperties": {
					"source": {
						"type": "AzureMySqlSource",
						"query": {
							"value": "select 'fb' as table_schema , \nentity_name as table_name from data_migration.adf_pipeline_errors \nwhere data_migration_audit_id = '@{pipeline().parameters.p_data_migration_audit_id_child}'",
							"type": "Expression"
						},
						"queryTimeout": "02:00:00"
					},
					"dataset": {
						"referenceName": "ds_datamigration_db",
						"type": "DatasetReference",
						"parameters": {
							"table_name": "adf_pipeline_errors"
						}
					},
					"firstRowOnly": false
				}
			},
			{
				"name": "foreach",
				"type": "ForEach",
				"dependsOn": [
					{
						"activity": "lookup_data_migration_error_table",
						"dependencyConditions": [
							"Succeeded"
						]
					}
				],
				"userProperties": [],
				"typeProperties": {
					"items": {
						"value": "@activity('lookup_data_migration_error_table').output.value",
						"type": "Expression"
					},
					"activities": [
						{
							"name": "re_run_error_tables",
							"type": "Copy",
							"dependsOn": [],
							"policy": {
								"timeout": "7.00:00:00",
								"retry": 0,
								"retryIntervalInSeconds": 30,
								"secureOutput": false,
								"secureInput": false
							},
							"userProperties": [],
							"typeProperties": {
								"source": {
									"type": "PostgreSqlSource"
								},
								"sink": {
									"type": "AzurePostgreSQLSink",
									"writeBatchSize": 1000000,
									"writeBatchTimeout": "00:30:00",
									"preCopyScript": {
										"value": "truncate table @{item().table_schema}.@{item().table_name}",
										"type": "Expression"
									},
									"writeMethod": "CopyCommand"
								},
								"enableStaging": false,
								"validateDataConsistency": false
							},
							"inputs": [
								{
									"referenceName": "ds_des_fb_incremental",
									"type": "DatasetReference",
									"parameters": {
										"table_name": {
											"value": "@item().table_name",
											"type": "Expression"
										},
										"table_schema": {
											"value": "@item().table_schema",
											"type": "Expression"
										}
									}
								}
							],
							"outputs": [
								{
									"referenceName": "ds_transformation_db",
									"type": "DatasetReference",
									"parameters": {
										"table_schema": {
											"value": "@item().table_schema",
											"type": "Expression"
										},
										"table_name": "@item().table_name"
									}
								}
							]
						},
						{
							"name": "log_success_DES_trans",
							"type": "Copy",
							"dependsOn": [
								{
									"activity": "re_run_error_tables",
									"dependencyConditions": [
										"Succeeded"
									]
								}
							],
							"policy": {
								"timeout": "7.00:00:00",
								"retry": 0,
								"retryIntervalInSeconds": 30,
								"secureOutput": false,
								"secureInput": false
							},
							"userProperties": [],
							"typeProperties": {
								"source": {
									"type": "AzureMySqlSource",
									"query": {
										"value": "SELECT \n '@{pipeline().DataFactory}' as data_factory_name,\n '@{pipeline().Pipeline}' as pipeline_name,\n '@{pipeline().RunId}' as run_id,\n '@{pipeline().TriggerType}' as trigger_type,\n '@{pipeline().TriggerId}' as trigger_id,\n '@{div(sub(ticks(adddays(pipeline().TriggerTime, -1)), ticks('1970-01-01')),10000000)}' as trigger_time,\n '@{pipeline().TriggerName}' as trigger_name,\n '@{activity('re_run_error_tables').output.rowsCopied}' as rows_copied,\n '@{activity('re_run_error_tables').output.DataRead}' as data_read,\n '@{activity('re_run_error_tables').output.usedParallelCopies}' as no_parallel_copies,\n '@{activity('re_run_error_tables').output.copyDuration}' as copy_duration_in_secs,\n '@{activity('re_run_error_tables').output.effectiveIntegrationRuntime}' as effective_integration_run_time,\n '@{activity('re_run_error_tables').output.executionDetails[0].source.type}' as source_type,\n '@{activity('re_run_error_tables').output.executionDetails[0].sink.type}' as sink_type,\n '@{activity('re_run_error_tables').output.executionDetails[0].status}' as execution_status,\n '@{div(sub(ticks(adddays(activity('re_run_error_tables').output.executionDetails[0].start, -1)), ticks('1970-01-01')),10000000)}' as copy_activity_start_time,\n '@{div(sub(ticks(adddays(utcnow(), -1)), ticks('1970-01-01')),10000000)}' as copy_activity_end_time,\n '@{activity('re_run_error_tables').output.executionDetails[0].detailedDurations.queuingDuration}' as copy_activity_queuing_duration_in_secs,\n '@{activity('re_run_error_tables').output.executionDetails[0].detailedDurations.transferDuration}' as copy_activity_transfer_duration_in_secs,\n '@{item().table_name}' as entity_name,\n '@{activity('re_run_error_tables').ActivityRunId}' as activity_run_id,\n '@{pipeline().parameters.p_data_migration_audit_id_child}' as data_migration_audit_id,\n '@{pipeline().parameters.p_created_by_child}' as created_by,\n '@{div(sub(ticks(adddays(pipeline().TriggerTime, -1)), ticks('1970-01-01')),10000000)}'as created_on,\n '' as modified_by,\n  0 as modified_on,\n 'true' as active",
										"type": "Expression"
									},
									"queryTimeout": "02:00:00"
								},
								"sink": {
									"type": "AzureMySqlSink",
									"writeBatchSize": 10000,
									"writeBatchTimeout": "00:00:30"
								},
								"enableStaging": false
							},
							"inputs": [
								{
									"referenceName": "ds_datamigration_db",
									"type": "DatasetReference",
									"parameters": {
										"table_name": "adf_pipeline_logs"
									}
								}
							],
							"outputs": [
								{
									"referenceName": "ds_datamigration_db",
									"type": "DatasetReference",
									"parameters": {
										"table_name": "adf_pipeline_logs"
									}
								}
							]
						},
						{
							"name": "log_error_DES_trans",
							"type": "Copy",
							"dependsOn": [
								{
									"activity": "re_run_error_tables",
									"dependencyConditions": [
										"Failed"
									]
								}
							],
							"policy": {
								"timeout": "7.00:00:00",
								"retry": 0,
								"retryIntervalInSeconds": 30,
								"secureOutput": false,
								"secureInput": false
							},
							"userProperties": [],
							"typeProperties": {
								"source": {
									"type": "AzureMySqlSource",
									"query": {
										"value": "SELECT \n'@{pipeline().DataFactory}' as data_factory_name,\n'@{pipeline().Pipeline}' as pipeline_name,\n'@{pipeline().RunId}' as run_id,\n'@{pipeline().TriggerType}' as trigger_type,\n'@{pipeline().TriggerId}' as trigger_id,\n'@{pipeline().TriggerName}' as trigger_name,\n'@{div(sub(ticks(adddays(pipeline().TriggerTime, -0)), ticks('1970-01-01')),10000000)}' as trigger_time,\n'@{replace(activity('re_run_error_tables').error.message,'''','')}' as error_description,\n'@{activity('re_run_error_tables').error.errorCode}' as error_code,\n'@{div(sub(ticks(adddays(utcnow(), -0)), ticks('1970-01-01')),10000000)}' as error_logged_time,\n'@{activity('re_run_error_tables').error.failureType}' as failure_type,\n'@{item().table_name}' as entity_name,\n'@{activity('re_run_error_tables').ActivityRunId}' as activity_run_id,\n'@{pipeline().parameters.p_data_migration_audit_id_child}' as data_migration_audit_id,\n'@{pipeline().parameters.p_created_by_child}' as created_by,\n'@{div(sub(ticks(adddays(pipeline().TriggerTime, -0)), ticks('1970-01-01')),10000000)}'\tas created_on,\n''as modified_by,\n0 as modified_on,\n'true' as active",
										"type": "Expression"
									},
									"queryTimeout": "02:00:00"
								},
								"sink": {
									"type": "AzureMySqlSink",
									"writeBatchSize": 10000,
									"writeBatchTimeout": "00:00:30"
								},
								"enableStaging": false
							},
							"inputs": [
								{
									"referenceName": "ds_datamigration_db",
									"type": "DatasetReference",
									"parameters": {
										"table_name": "adf_pipeline_errors"
									}
								}
							],
							"outputs": [
								{
									"referenceName": "ds_datamigration_db",
									"type": "DatasetReference",
									"parameters": {
										"table_name": "adf_pipeline_errors"
									}
								}
							]
						}
					]
				}
			},
			{
				"name": "drop_constraints",
				"type": "Lookup",
				"dependsOn": [],
				"policy": {
					"timeout": "7.00:00:00",
					"retry": 0,
					"retryIntervalInSeconds": 30,
					"secureOutput": false,
					"secureInput": false
				},
				"userProperties": [],
				"typeProperties": {
					"source": {
						"type": "AzurePostgreSqlSource",
						"query": "select create_ddl_func_v1(1)",
						"partitionOption": "None"
					},
					"dataset": {
						"referenceName": "ds_transformation_db",
						"type": "DatasetReference",
						"parameters": {
							"table_schema": "''",
							"table_name": "''"
						}
					},
					"firstRowOnly": false
				}
			},
			{
				"name": "recreate_constraints",
				"type": "Lookup",
				"dependsOn": [
					{
						"activity": "foreach",
						"dependencyConditions": [
							"Succeeded"
						]
					}
				],
				"policy": {
					"timeout": "7.00:00:00",
					"retry": 0,
					"retryIntervalInSeconds": 30,
					"secureOutput": false,
					"secureInput": false
				},
				"userProperties": [],
				"typeProperties": {
					"source": {
						"type": "AzurePostgreSqlSource",
						"query": "select create_ddl_func_v1()",
						"partitionOption": "None"
					},
					"dataset": {
						"referenceName": "ds_transformation_db",
						"type": "DatasetReference",
						"parameters": {
							"table_schema": "''",
							"table_name": "''"
						}
					},
					"firstRowOnly": false
				}
			}
		],
		"parameters": {
			"p_data_migration_audit_id_child": {
				"type": "int"
			},
			"p_created_by_child": {
				"type": "string"
			}
		},
		"folder": {
			"name": "onsite to transformation"
		},
		"annotations": [],
		"lastPublishTime": "2022-06-20T08:52:12Z"
	},
	"type": "Microsoft.DataFactory/factories/pipelines"
}