{
	"name": "pl_onsite_trans_incremental_re-run",
	"properties": {
		"activities": [
			{
				"name": "lookup_data_migration_error_tables",
				"type": "Lookup",
				"dependsOn": [],
				"policy": {
					"timeout": "7.00:00:00",
					"retry": 0,
					"retryIntervalInSeconds": 30,
					"secureOutput": false,
					"secureInput": false
				},
				"userProperties": [],
				"typeProperties": {
					"source": {
						"type": "AzureMySqlSource",
						"query": {
							"value": "select 'fb' as table_schema , \nentity_name as table_name from data_migration.adf_pipeline_errors \nwhere data_migration_audit_id = '@{pipeline().parameters.p_data_migration_audit_id}'",
							"type": "Expression"
						},
						"queryTimeout": "02:00:00"
					},
					"dataset": {
						"referenceName": "ds_datamigration_db",
						"type": "DatasetReference",
						"parameters": {
							"table_name": "adf_pipeline_errors"
						}
					},
					"firstRowOnly": false
				}
			},
			{
				"name": "Foreach_error_table",
				"type": "ForEach",
				"dependsOn": [
					{
						"activity": "lookup_data_migration_error_tables",
						"dependencyConditions": [
							"Succeeded"
						]
					}
				],
				"userProperties": [],
				"typeProperties": {
					"items": {
						"value": "@activity('lookup_data_migration_error_tables').output.value",
						"type": "Expression"
					},
					"activities": [
						{
							"name": "lookup_all_objects",
							"type": "Lookup",
							"dependsOn": [],
							"policy": {
								"timeout": "7.00:00:00",
								"retry": 0,
								"retryIntervalInSeconds": 30,
								"secureOutput": false,
								"secureInput": false
							},
							"userProperties": [],
							"typeProperties": {
								"source": {
									"type": "AzurePostgreSqlSource",
									"partitionOption": "None"
								},
								"dataset": {
									"referenceName": "ds_transformation_db",
									"type": "DatasetReference",
									"parameters": {
										"table_schema": "''",
										"table_name": "''"
									}
								},
								"firstRowOnly": false
							}
						},
						{
							"name": "lookup_des_last_update_value",
							"type": "Lookup",
							"dependsOn": [
								{
									"activity": "lookup_all_objects",
									"dependencyConditions": [
										"Succeeded"
									]
								}
							],
							"policy": {
								"timeout": "7.00:00:00",
								"retry": 0,
								"retryIntervalInSeconds": 30,
								"secureOutput": false,
								"secureInput": false
							},
							"userProperties": [],
							"typeProperties": {
								"source": {
									"type": "PostgreSqlSource",
									"query": {
										"value": "select case\n\t\t    WHEN max(@{activity('lookup_all_objects').output.value[0].column_name}) is null THEN 0  \n            else max(@{activity('lookup_all_objects').output.value[0].column_name})\n        END as id\nfrom @{activity('lookup_all_objects').output.value[0].table_schema}.\n@{activity('lookup_all_objects').output.value[0].table_name}",
										"type": "Expression"
									}
								},
								"dataset": {
									"referenceName": "ds_des_fb_incremental",
									"type": "DatasetReference",
									"parameters": {
										"table_name": {
											"value": "@item().table_name",
											"type": "Expression"
										},
										"table_schema": {
											"value": "@item().table_schema",
											"type": "Expression"
										}
									}
								},
								"firstRowOnly": true
							}
						},
						{
							"name": "lookup_transformation_last_update_value",
							"type": "Lookup",
							"dependsOn": [
								{
									"activity": "lookup_all_objects",
									"dependencyConditions": [
										"Succeeded"
									]
								}
							],
							"policy": {
								"timeout": "7.00:00:00",
								"retry": 0,
								"retryIntervalInSeconds": 30,
								"secureOutput": false,
								"secureInput": false
							},
							"userProperties": [],
							"typeProperties": {
								"source": {
									"type": "AzurePostgreSqlSource",
									"query": {
										"value": "select case\n\t\t    WHEN max(@{activity('lookup_all_objects').output.value[0].column_name}) is null THEN 0  \n            else max(@{activity('lookup_all_objects').output.value[0].column_name})\n        END as id\nfrom @{activity('lookup_all_objects').output.value[0].table_schema}.\n@{activity('lookup_all_objects').output.value[0].table_name}",
										"type": "Expression"
									},
									"partitionOption": "None"
								},
								"dataset": {
									"referenceName": "ds_transformation_db",
									"type": "DatasetReference",
									"parameters": {
										"table_schema": "@item().table_schema",
										"table_name": "@item().table_name"
									}
								},
								"firstRowOnly": true
							}
						},
						{
							"name": "incremental_copy_des_trans",
							"type": "Copy",
							"dependsOn": [
								{
									"activity": "lookup_des_last_update_value",
									"dependencyConditions": [
										"Succeeded"
									]
								},
								{
									"activity": "lookup_transformation_last_update_value",
									"dependencyConditions": [
										"Succeeded"
									]
								}
							],
							"policy": {
								"timeout": "7.00:00:00",
								"retry": 0,
								"retryIntervalInSeconds": 30,
								"secureOutput": false,
								"secureInput": false
							},
							"userProperties": [],
							"typeProperties": {
								"source": {
									"type": "PostgreSqlSource",
									"query": {
										"value": "select * from @{item().table_schema}.@{item().table_name}\nwhere @{activity('lookup_all_objects').output.value[0].column_name} <=\n'@{activity('lookup_des_last_update_value').output.firstrow.id}'\nand @{activity('lookup_all_objects').output.value[0].column_name} >\n'@{activity('lookup_transformation_last_update_value').output.firstrow.id}'",
										"type": "Expression"
									}
								},
								"sink": {
									"type": "AzurePostgreSQLSink",
									"writeBatchSize": 1000000,
									"writeBatchTimeout": "00:30:00",
									"writeMethod": "CopyCommand"
								},
								"enableStaging": false,
								"validateDataConsistency": false
							},
							"inputs": [
								{
									"referenceName": "ds_des_fb_incremental",
									"type": "DatasetReference",
									"parameters": {
										"table_name": {
											"value": "@item().table_name",
											"type": "Expression"
										},
										"table_schema": {
											"value": "@item().table_schema",
											"type": "Expression"
										}
									}
								}
							],
							"outputs": [
								{
									"referenceName": "ds_transformation_db",
									"type": "DatasetReference",
									"parameters": {
										"table_schema": "@item().table_schema",
										"table_name": "@item().table_name"
									}
								}
							]
						},
						{
							"name": "log_success_des_trans",
							"type": "Copy",
							"dependsOn": [
								{
									"activity": "incremental_copy_des_trans",
									"dependencyConditions": [
										"Succeeded"
									]
								}
							],
							"policy": {
								"timeout": "7.00:00:00",
								"retry": 0,
								"retryIntervalInSeconds": 30,
								"secureOutput": false,
								"secureInput": false
							},
							"userProperties": [],
							"typeProperties": {
								"source": {
									"type": "AzureMySqlSource",
									"query": {
										"value": "SELECT \n '@{pipeline().DataFactory}' as data_factory_name,\n '@{pipeline().Pipeline}' as pipeline_name,\n '@{pipeline().RunId}' as run_id,\n '@{pipeline().TriggerType}' as trigger_type,\n '@{pipeline().TriggerId}' as trigger_id,\n '@{div(sub(ticks(adddays(pipeline().TriggerTime, -1)), ticks('1970-01-01')),10000000)}' as trigger_time,\n '@{pipeline().TriggerName}' as trigger_name,\n '@{activity('incremental_copy_des_trans').output.rowsCopied}' as rows_copied,\n '@{activity('incremental_copy_des_trans').output.DataRead}' as data_read,\n '@{activity('incremental_copy_des_trans').output.usedParallelCopies}' as no_parallel_copies,\n '@{activity('incremental_copy_des_trans').output.copyDuration}' as copy_duration_in_secs,\n '@{activity('incremental_copy_des_trans').output.effectiveIntegrationRuntime}' as effective_integration_run_time,\n '@{activity('incremental_copy_des_trans').output.executionDetails[0].source.type}' as source_type,\n '@{activity('incremental_copy_des_trans').output.executionDetails[0].sink.type}' as sink_type,\n '@{activity('incremental_copy_des_trans').output.executionDetails[0].status}' as execution_status,\n '@{div(sub(ticks(adddays(activity('incremental_copy_des_trans').output.executionDetails[0].start, -1)), ticks('1970-01-01')),10000000)}' as copy_activity_start_time,\n '@{div(sub(ticks(adddays(utcnow(), -1)), ticks('1970-01-01')),10000000)}' as copy_activity_end_time,\n '@{activity('incremental_copy_des_trans').output.executionDetails[0].detailedDurations.queuingDuration}' as copy_activity_queuing_duration_in_secs,\n '@{activity('incremental_copy_des_trans').output.executionDetails[0].detailedDurations.transferDuration}' as copy_activity_transfer_duration_in_secs,\n '@{item().table_name}' as entity_name,\n '@{activity('incremental_copy_des_trans').ActivityRunId}' as activity_run_id,\n '@{pipeline().parameters.p_data_migration_audit_id}' as data_migration_audit_id,\n '@{pipeline().parameters.p_created_by}' as created_by,\n '@{div(sub(ticks(adddays(pipeline().TriggerTime, -1)), ticks('1970-01-01')),10000000)}'as created_on,\n '' as modified_by,\n  0 as modified_on,\n 'true' as active",
										"type": "Expression"
									},
									"queryTimeout": "02:00:00"
								},
								"sink": {
									"type": "AzureMySqlSink",
									"writeBatchSize": 10000,
									"writeBatchTimeout": "00:00:30"
								},
								"enableStaging": false
							},
							"inputs": [
								{
									"referenceName": "ds_datamigration_db",
									"type": "DatasetReference",
									"parameters": {
										"table_name": "adf_pipeline_logs"
									}
								}
							],
							"outputs": [
								{
									"referenceName": "ds_datamigration_db",
									"type": "DatasetReference",
									"parameters": {
										"table_name": "adf_pipeline_logs"
									}
								}
							]
						},
						{
							"name": "log_error_des_trans",
							"type": "Copy",
							"dependsOn": [
								{
									"activity": "incremental_copy_des_trans",
									"dependencyConditions": [
										"Failed"
									]
								}
							],
							"policy": {
								"timeout": "7.00:00:00",
								"retry": 0,
								"retryIntervalInSeconds": 30,
								"secureOutput": false,
								"secureInput": false
							},
							"userProperties": [],
							"typeProperties": {
								"source": {
									"type": "AzureMySqlSource",
									"query": {
										"value": "SELECT \n'@{pipeline().DataFactory}' as data_factory_name,\n'@{pipeline().Pipeline}' as pipeline_name,\n'@{pipeline().RunId}' as run_id,\n'@{pipeline().TriggerType}' as trigger_type,\n'@{pipeline().TriggerId}' as trigger_id,\n'@{pipeline().TriggerName}' as trigger_name,\n'@{div(sub(ticks(adddays(pipeline().TriggerTime, -0)), ticks('1970-01-01')),10000000)}' as trigger_time,\n'@{replace(activity('incremental_copy_des_trans').error.message,'''','')}' as error_description,\n'@{activity('incremental_copy_des_trans').error.errorCode}' as error_code,\n'@{div(sub(ticks(adddays(utcnow(), -0)), ticks('1970-01-01')),10000000)}' as error_logged_time,\n'@{activity('incremental_copy_des_trans').error.failureType}' as failure_type,\n'@{item().table_name}' as entity_name,\n'@{activity('incremental_copy_des_trans').ActivityRunId}' as activity_run_id,\n'@{pipeline().parameters.p_data_migration_audit_id}' as data_migration_audit_id,\n'@{pipeline().parameters.p_created_by}' as created_by,\n'@{div(sub(ticks(adddays(pipeline().TriggerTime, -0)), ticks('1970-01-01')),10000000)}'\tas created_on,\n''as modified_by,\n0 as modified_on,\n'true' as active",
										"type": "Expression"
									},
									"queryTimeout": "02:00:00"
								},
								"sink": {
									"type": "AzureMySqlSink",
									"writeBatchSize": 10000,
									"writeBatchTimeout": "00:00:30"
								},
								"enableStaging": false
							},
							"inputs": [
								{
									"referenceName": "ds_datamigration_db",
									"type": "DatasetReference",
									"parameters": {
										"table_name": "adf_pipeline_errors"
									}
								}
							],
							"outputs": [
								{
									"referenceName": "ds_datamigration_db",
									"type": "DatasetReference",
									"parameters": {
										"table_name": "adf_pipeline_errors"
									}
								}
							]
						}
					]
				}
			}
		],
		"parameters": {
			"p_data_migration_audit_id": {
				"type": "int"
			},
			"p_created_by": {
				"type": "string"
			}
		},
		"variables": {
			"test": {
				"type": "Array"
			},
			"test1": {
				"type": "Array"
			}
		},
		"folder": {
			"name": "onsite to transformation"
		},
		"annotations": [],
		"lastPublishTime": "2022-06-14T19:23:44Z"
	},
	"type": "Microsoft.DataFactory/factories/pipelines"
}