{
	"name": "pl_pre_migration_report",
	"properties": {
		"activities": [
			{
				"name": "lookup_for_max_id_in_database_details",
				"type": "Lookup",
				"dependsOn": [
					{
						"activity": "copy_data_to_database_details",
						"dependencyConditions": [
							"Succeeded"
						]
					}
				],
				"policy": {
					"timeout": "7.00:00:00",
					"retry": 0,
					"retryIntervalInSeconds": 30,
					"secureOutput": false,
					"secureInput": false
				},
				"userProperties": [],
				"typeProperties": {
					"source": {
						"type": "AzureMySqlSource",
						"query": {
							"value": "SELECT id FROM data_migration.database_details  where tenant_id =@{pipeline().globalParameters.dm_tenant_id} \nand job_type_id = @{pipeline().globalParameters.job_type_id}",
							"type": "Expression"
						},
						"queryTimeout": "02:00:00"
					},
					"dataset": {
						"referenceName": "ds_datamigration_db",
						"type": "DatasetReference",
						"parameters": {
							"table_name": "database_details"
						}
					},
					"firstRowOnly": false
				}
			},
			{
				"name": "set_variable1",
				"type": "SetVariable",
				"dependsOn": [
					{
						"activity": "lookup_for_max_id_in_database_details",
						"dependencyConditions": [
							"Succeeded"
						]
					}
				],
				"userProperties": [],
				"typeProperties": {
					"variableName": "source_database_details_id",
					"value": {
						"value": "@string(activity('lookup_for_max_id_in_database_details').output.value[0].id)",
						"type": "Expression"
					}
				}
			},
			{
				"name": "lookup_for_old_id_in_database_details",
				"type": "Lookup",
				"dependsOn": [],
				"policy": {
					"timeout": "7.00:00:00",
					"retry": 0,
					"retryIntervalInSeconds": 30,
					"secureOutput": false,
					"secureInput": false
				},
				"userProperties": [],
				"typeProperties": {
					"source": {
						"type": "AzureMySqlSource",
						"query": {
							"value": "SELECT case\n\n            WHEN max(id) is null THEN 0  \n\n            else id\n\n        END as id FROM data_migration.database_details  where tenant_id =@{pipeline().globalParameters.dm_tenant_id} \nand job_type_id = @{pipeline().globalParameters.job_type_id}",
							"type": "Expression"
						},
						"queryTimeout": "02:00:00"
					},
					"dataset": {
						"referenceName": "ds_datamigration_db",
						"type": "DatasetReference",
						"parameters": {
							"table_name": "database_details"
						}
					},
					"firstRowOnly": false
				}
			},
			{
				"name": "set_variable1_copy1",
				"type": "SetVariable",
				"dependsOn": [
					{
						"activity": "lookup_for_old_id_in_database_details",
						"dependencyConditions": [
							"Succeeded"
						]
					}
				],
				"userProperties": [],
				"typeProperties": {
					"variableName": "source_database_details_id_old",
					"value": {
						"value": "@string(activity('lookup_for_old_id_in_database_details').output.value[0].id)",
						"type": "Expression"
					}
				}
			},
			{
				"name": "copy_data_to_database_details",
				"type": "Copy",
				"dependsOn": [
					{
						"activity": "set_variable1_copy1",
						"dependencyConditions": [
							"Succeeded"
						]
					}
				],
				"policy": {
					"timeout": "7.00:00:00",
					"retry": 0,
					"retryIntervalInSeconds": 30,
					"secureOutput": false,
					"secureInput": false
				},
				"userProperties": [],
				"typeProperties": {
					"source": {
						"type": "PostgreSqlSource",
						"additionalColumns": [
							{
								"name": "tenant_id",
								"value": {
									"value": "@String(pipeline().globalParameters.dm_tenant_id)",
									"type": "Expression"
								}
							},
							{
								"name": "job_type_id",
								"value": {
									"value": "@string(pipeline().globalParameters.job_type_id)",
									"type": "Expression"
								}
							},
							{
								"name": "created_by",
								"value": {
									"value": "@pipeline().parameters.p_created_by",
									"type": "Expression"
								}
							},
							{
								"name": "created_on",
								"value": {
									"value": "@string(div(sub(ticks(adddays(pipeline().TriggerTime, -1)), ticks('1970-01-01')),10000000))",
									"type": "Expression"
								}
							},
							{
								"name": "modified_on",
								"value": {
									"value": "@string(div(sub(ticks(adddays(pipeline().TriggerTime, -1)), ticks('1970-01-01')),10000000))",
									"type": "Expression"
								}
							},
							{
								"name": "active",
								"value": "1"
							}
						],
						"query": {
							"value": "select name,\ntable_count,\nsize[1] as size, \nsize[2] as unit,\ntype\nfrom \n(SELECT \n       current_database() as name ,\n       count(*) as table_count,\n \t   pg_size_pretty(pg_database_size(current_database())) as db_size,\n  \t\tregexp_split_to_array(pg_size_pretty(pg_database_size(current_database())), ' ') as size,\n \t\t(SELECT character_value FROM information_schema.sql_implementation_info WHERE implementation_info_name ='DBMS NAME') as type\nFROM (SELECT table_schema   FROM information_schema.tables\n   WHERE TABLE_NAME not like 'pg_%'\n     AND table_schema in ('fb')) a ) b\ngroup by name,type,table_count,size,unit",
							"type": "Expression"
						}
					},
					"sink": {
						"type": "AzureMySqlSink",
						"writeBatchSize": 10000,
						"writeBatchTimeout": "00:00:30",
						"preCopyScript": {
							"value": "delete from data_migration.database_details where tenant_id =@{pipeline().globalParameters.dm_tenant_id} and job_type_id = @{pipeline().globalParameters.job_type_id}",
							"type": "Expression"
						}
					},
					"enableStaging": false,
					"translator": {
						"type": "TabularTranslator",
						"mappings": [
							{
								"source": {
									"name": "name",
									"type": "String"
								},
								"sink": {
									"name": "db_name",
									"type": "String"
								}
							},
							{
								"source": {
									"name": "type",
									"type": "String"
								},
								"sink": {
									"name": "db_type",
									"type": "String"
								}
							},
							{
								"source": {
									"name": "size",
									"type": "String"
								},
								"sink": {
									"name": "db_size",
									"type": "Int32"
								}
							},
							{
								"source": {
									"name": "unit",
									"type": "String"
								},
								"sink": {
									"name": "db_size_unit",
									"type": "String"
								}
							},
							{
								"source": {
									"name": "table_count",
									"type": "Int64"
								},
								"sink": {
									"name": "table_count",
									"type": "Int32"
								}
							},
							{
								"source": {
									"name": "tenant_id",
									"type": "String"
								},
								"sink": {
									"name": "tenant_id",
									"type": "Int32"
								}
							},
							{
								"source": {
									"name": "job_type_id",
									"type": "String"
								},
								"sink": {
									"name": "job_type_id",
									"type": "Int32"
								}
							},
							{
								"source": {
									"name": "created_by",
									"type": "String"
								},
								"sink": {
									"name": "created_by",
									"type": "String"
								}
							},
							{
								"source": {
									"name": "created_on",
									"type": "String"
								},
								"sink": {
									"name": "created_on",
									"type": "Int64"
								}
							},
							{
								"source": {
									"name": "modified_on",
									"type": "String"
								},
								"sink": {
									"name": "modified_on",
									"type": "Int64"
								}
							},
							{
								"source": {
									"name": "active",
									"type": "String"
								},
								"sink": {
									"name": "active",
									"type": "Int16"
								}
							}
						]
					}
				},
				"inputs": [
					{
						"referenceName": "ds_des_fb_incremental",
						"type": "DatasetReference",
						"parameters": {
							"table_name": "\"",
							"table_schema": "\""
						}
					}
				],
				"outputs": [
					{
						"referenceName": "ds_datamigration_db",
						"type": "DatasetReference",
						"parameters": {
							"table_name": "database_details"
						}
					}
				]
			},
			{
				"name": "copy_data_to_tables_information",
				"type": "Copy",
				"dependsOn": [
					{
						"activity": "set_variable1",
						"dependencyConditions": [
							"Succeeded"
						]
					}
				],
				"policy": {
					"timeout": "0.12:00:00",
					"retry": 0,
					"retryIntervalInSeconds": 30,
					"secureOutput": false,
					"secureInput": false
				},
				"userProperties": [],
				"typeProperties": {
					"source": {
						"type": "PostgreSqlSource",
						"additionalColumns": [
							{
								"name": "database_details_id",
								"value": {
									"value": "@variables('source_database_details_id')",
									"type": "Expression"
								}
							},
							{
								"name": "created_by",
								"value": {
									"value": "@pipeline().parameters.p_created_by",
									"type": "Expression"
								}
							},
							{
								"name": "created_on",
								"value": {
									"value": "@{div(sub(ticks(adddays(pipeline().TriggerTime, -1)), ticks('1970-01-01')),10000000)}",
									"type": "Expression"
								}
							},
							{
								"name": "active",
								"value": {
									"value": "1",
									"type": "Expression"
								}
							},
							{
								"name": "modified on",
								"value": {
									"value": "@{div(sub(ticks(adddays(pipeline().TriggerTime, -1)), ticks('1970-01-01')),10000000)}",
									"type": "Expression"
								}
							},
							{
								"name": "modified_by",
								"value": {
									"value": "@pipeline().parameters.p_created_by",
									"type": "Expression"
								}
							}
						],
						"query": {
							"value": "select name,table_count,size[1] as size, size[2] as unit\nfrom \n(SELECT table_schema,\n       table_name as name ,\n       (xpath('/row/c/text()', query_to_xml(format('select count(*) as c from %I.%I', table_schema, table_name), FALSE, TRUE, '')))[1]::text::int AS table_count,\n \t\tpg_size_pretty(pg_relation_size('\"'||table_schema||'\".\"'||table_name||'\"')) as table_size,\n \t\tregexp_split_to_array(pg_size_pretty(pg_relation_size('\"'||table_schema||'\".\"'||table_name||'\"')), ' ') as size\nFROM (SELECT table_schema,\n          TABLE_NAME\n   FROM information_schema.tables\n   WHERE TABLE_NAME not like 'pg_%'\n     AND table_schema in ('fb')) a ) b\nORDER BY table_count DESC;",
							"type": "Expression"
						}
					},
					"sink": {
						"type": "AzureMySqlSink",
						"writeBatchSize": 10000,
						"writeBatchTimeout": "00:00:30",
						"preCopyScript": {
							"value": "delete from data_migration.tables_information where \ndatabase_details_id =@{variables('source_database_details_id_old')}",
							"type": "Expression"
						}
					},
					"enableStaging": false,
					"translator": {
						"type": "TabularTranslator",
						"mappings": [
							{
								"source": {
									"name": "name",
									"type": "String"
								},
								"sink": {
									"name": "name",
									"type": "String"
								}
							},
							{
								"source": {
									"name": "table_count",
									"type": "Int32"
								},
								"sink": {
									"name": "record_count",
									"type": "Int32"
								}
							},
							{
								"source": {
									"name": "size",
									"type": "String"
								},
								"sink": {
									"name": "record_size",
									"type": "Int32"
								}
							},
							{
								"source": {
									"name": "unit",
									"type": "String"
								},
								"sink": {
									"name": "record_size_unit",
									"type": "String"
								}
							},
							{
								"source": {
									"name": "database_details_id",
									"type": "String"
								},
								"sink": {
									"name": "database_details_id",
									"type": "Int32"
								}
							},
							{
								"source": {
									"name": "created_by",
									"type": "String"
								},
								"sink": {
									"name": "created_by",
									"type": "String"
								}
							},
							{
								"source": {
									"name": "created_on",
									"type": "String"
								},
								"sink": {
									"name": "created_on",
									"type": "Int64"
								}
							},
							{
								"source": {
									"name": "modified_by",
									"type": "String"
								},
								"sink": {
									"name": "modified_by",
									"type": "String"
								}
							},
							{
								"source": {
									"name": "modified on",
									"type": "String"
								},
								"sink": {
									"name": "modified_on",
									"type": "Int64"
								}
							},
							{
								"source": {
									"name": "active",
									"type": "String"
								},
								"sink": {
									"name": "active",
									"type": "Int16"
								}
							}
						],
						"typeConversion": true,
						"typeConversionSettings": {
							"allowDataTruncation": true,
							"treatBooleanAsNumber": true
						}
					}
				},
				"inputs": [
					{
						"referenceName": "ds_des_fb_incremental",
						"type": "DatasetReference",
						"parameters": {
							"table_name": "\"",
							"table_schema": "\""
						}
					}
				],
				"outputs": [
					{
						"referenceName": "ds_datamigration_db",
						"type": "DatasetReference",
						"parameters": {
							"table_name": "tables_information"
						}
					}
				]
			}
		],
		"parameters": {
			"p_created_by": {
				"type": "string"
			}
		},
		"variables": {
			"source_database_details_id": {
				"type": "String"
			},
			"source_database_details_id_old": {
				"type": "String"
			}
		},
		"folder": {
			"name": "validations"
		},
		"annotations": []
	}
}