{
	"name": "pl_pre_migration_report_master",
	"properties": {
		"activities": [
			{
				"name": "Update infra audit success",
				"type": "Copy",
				"dependsOn": [
					{
						"activity": "pl_pre_migration_data_validation",
						"dependencyConditions": [
							"Succeeded"
						]
					}
				],
				"policy": {
					"timeout": "0.12:00:00",
					"retry": 0,
					"retryIntervalInSeconds": 30,
					"secureOutput": false,
					"secureInput": false
				},
				"userProperties": [],
				"typeProperties": {
					"source": {
						"type": "AzureMySqlSource",
						"query": {
							"value": "select * from data_migration.infra_audit where 1=2",
							"type": "Expression"
						},
						"queryTimeout": "02:00:00"
					},
					"sink": {
						"type": "AzureMySqlSink",
						"writeBatchSize": 10000,
						"writeBatchTimeout": "00:00:30",
						"preCopyScript": {
							"value": "update data_migration.infra_audit\nset status= 2,modified_by = @{pipeline().parameters.p_created_by},modified_on =@{div(sub(ticks(adddays(pipeline().TriggerTime, -1)), ticks('1970-01-01')),10000000)}\nwhere id= @{pipeline().parameters.p_infra_report_audit_id};",
							"type": "Expression"
						}
					},
					"enableStaging": false,
					"translator": {
						"type": "TabularTranslator",
						"typeConversion": true,
						"typeConversionSettings": {
							"allowDataTruncation": true,
							"treatBooleanAsNumber": false
						}
					}
				},
				"inputs": [
					{
						"referenceName": "ds_datamigration_db",
						"type": "DatasetReference",
						"parameters": {
							"table_name": "infra_audit"
						}
					}
				],
				"outputs": [
					{
						"referenceName": "ds_datamigration_db",
						"type": "DatasetReference",
						"parameters": {
							"table_name": "infra_audit"
						}
					}
				]
			},
			{
				"name": "update infra audit failure",
				"type": "Copy",
				"dependsOn": [
					{
						"activity": "pl_pre_migration_data_validation",
						"dependencyConditions": [
							"Failed"
						]
					},
					{
						"activity": "pl_pre_migration_report",
						"dependencyConditions": [
							"Failed"
						]
					}
				],
				"policy": {
					"timeout": "0.12:00:00",
					"retry": 0,
					"retryIntervalInSeconds": 30,
					"secureOutput": false,
					"secureInput": false
				},
				"userProperties": [],
				"typeProperties": {
					"source": {
						"type": "AzureMySqlSource",
						"query": {
							"value": "select * from data_migration.infra_audit where 1=2",
							"type": "Expression"
						},
						"queryTimeout": "02:00:00"
					},
					"sink": {
						"type": "AzureMySqlSink",
						"writeBatchSize": 10000,
						"writeBatchTimeout": "00:00:30",
						"preCopyScript": {
							"value": "update data_migration.infra_audit\nset status= 3,modified_by = @{pipeline().parameters.p_created_by},modified_on =@{div(sub(ticks(adddays(pipeline().TriggerTime, -1)), ticks('1970-01-01')),10000000)}\nwhere id= @{pipeline().parameters.p_infra_report_audit_id};",
							"type": "Expression"
						}
					},
					"enableStaging": false,
					"translator": {
						"type": "TabularTranslator",
						"typeConversion": true,
						"typeConversionSettings": {
							"allowDataTruncation": true,
							"treatBooleanAsNumber": false
						}
					}
				},
				"inputs": [
					{
						"referenceName": "ds_datamigration_db",
						"type": "DatasetReference",
						"parameters": {
							"table_name": "infra_audit"
						}
					}
				],
				"outputs": [
					{
						"referenceName": "ds_datamigration_db",
						"type": "DatasetReference",
						"parameters": {
							"table_name": "infra_audit"
						}
					}
				]
			},
			{
				"name": "pl_pre_migration_report",
				"type": "ExecutePipeline",
				"dependsOn": [],
				"userProperties": [],
				"typeProperties": {
					"pipeline": {
						"referenceName": "pl_pre_migration_report",
						"type": "PipelineReference"
					},
					"waitOnCompletion": true,
					"parameters": {
						"p_created_by": {
							"value": "@pipeline().parameters.p_created_by",
							"type": "Expression"
						}
					}
				}
			},
			{
				"name": "pl_pre_migration_data_validation",
				"type": "ExecutePipeline",
				"dependsOn": [
					{
						"activity": "pl_pre_migration_report",
						"dependencyConditions": [
							"Succeeded"
						]
					}
				],
				"userProperties": [],
				"typeProperties": {
					"pipeline": {
						"referenceName": "pl_pre_migration_data_validation",
						"type": "PipelineReference"
					},
					"waitOnCompletion": true,
					"parameters": {
						"p_created_by": {
							"value": "@pipeline().parameters.p_created_by",
							"type": "Expression"
						}
					}
				}
			}
		],
		"parameters": {
			"p_created_by": {
				"type": "string"
			},
			"p_infra_report_audit_id": {
				"type": "int"
			}
		},
		"variables": {
			"access_token": {
				"type": "String"
			}
		},
		"folder": {
			"name": "validations"
		},
		"annotations": []
	}
}