{
	"name": "pl_post_migration_report",
	"properties": {
		"activities": [
			{
				"name": "copy_data_post_migration_information",
				"type": "Copy",
				"dependsOn": [],
				"policy": {
					"timeout": "7.00:00:00",
					"retry": 0,
					"retryIntervalInSeconds": 30,
					"secureOutput": false,
					"secureInput": false
				},
				"userProperties": [],
				"typeProperties": {
					"source": {
						"type": "AzurePostgreSqlSource",
						"query": {
							"value": "select * from (SELECT distinct \n    case \n      when table_name ='user_tsec_users' THEN  'users'\n      when table_name ='unit_ts_units' THEN  'unit'\n      when table_name ='unit_types_ts_unit_types' THEN  'unit_types'\n      when table_name ='media_priority_ts_evidence_categories' THEN  'media_priority'\n      when table_name ='cases' THEN  'case_folder'\n      when table_name ='media' THEN  'media'\n      when table_name ='caseowners' THEN  'case_folder_users'\n      when table_name ='comments' THEN  'case_comment'\n    end as entity,rows_migrated,\n    '@{pipeline().globalParameters.dm_tenant_id}' as tenant_id,\n    '@{pipeline().globalParameters.job_type_id}' as job_type_id,\n    '@{pipeline().parameters.p_report_status_id}' as report_status_id,\n    '@{pipeline().parameters.p_created_by}' as created_by,\n    '@{div(sub(ticks(adddays(pipeline().TriggerTime, -1)), ticks('1970-01-01')),10000000)}' as created_on,\n       '' as modified_by, \n       0 as modified_on,\n       1 as active\nfrom \n(SELECT table_schema,\n       table_name as name ,column_name,\n       (xpath('/row/c/text()', query_to_xml(format('select count(*) as c from %I.%I', table_schema, table_name), FALSE, TRUE, '')))[1]::text::int AS rows_migrated\nFROM (SELECT table_schema,\n          TABLE_NAME,column_name\n   FROM information_schema.columns\n   WHERE TABLE_NAME not like 'pg_%'\n     AND table_schema in ('bridge')) a ) b ) c where c.entity is not null ;",
							"type": "Expression"
						},
						"partitionOption": "None"
					},
					"sink": {
						"type": "AzureMySqlSink",
						"writeBatchSize": 10000,
						"writeBatchTimeout": "00:00:30"
					},
					"enableStaging": false,
					"translator": {
						"type": "TabularTranslator",
						"mappings": [
							{
								"source": {
									"name": "entity"
								},
								"sink": {
									"name": "entity",
									"type": "String"
								}
							},
							{
								"source": {
									"name": "rows_migrated"
								},
								"sink": {
									"name": "rows_migrated",
									"type": "Int32"
								}
							},
							{
								"source": {
									"name": "tenant_id"
								},
								"sink": {
									"name": "tenant_id",
									"type": "Int32"
								}
							},
							{
								"source": {
									"name": "job_type_id"
								},
								"sink": {
									"name": "job_type_id",
									"type": "Int32"
								}
							},
							{
								"source": {
									"name": "report_status_id"
								},
								"sink": {
									"name": "report_status_id",
									"type": "Int32"
								}
							},
							{
								"source": {
									"name": "created_by"
								},
								"sink": {
									"name": "created_by",
									"type": "String"
								}
							},
							{
								"source": {
									"name": "created_on"
								},
								"sink": {
									"name": "created_on",
									"type": "Int64"
								}
							},
							{
								"source": {
									"name": "modified_by"
								},
								"sink": {
									"name": "modified_by",
									"type": "String"
								}
							},
							{
								"source": {
									"name": "modified_on"
								},
								"sink": {
									"name": "modified_on",
									"type": "Int64"
								}
							},
							{
								"source": {
									"name": "active"
								},
								"sink": {
									"name": "active",
									"type": "Int16"
								}
							}
						]
					}
				},
				"inputs": [
					{
						"referenceName": "ds_transformation_db",
						"type": "DatasetReference",
						"parameters": {
							"table_schema": "''",
							"table_name": "''"
						}
					}
				],
				"outputs": [
					{
						"referenceName": "ds_datamigration_db",
						"type": "DatasetReference",
						"parameters": {
							"table_name": "data_post_migration_information"
						}
					}
				]
			}
		],
		"parameters": {
			"p_product_id": {
				"type": "int"
			},
			"p_report_status_id": {
				"type": "int"
			},
			"p_created_by": {
				"type": "string"
			}
		},
		"folder": {
			"name": "validations"
		},
		"annotations": []
	}
}