{
	"name": "PL_post_migration_report_master",
	"properties": {
		"activities": [
			{
				"name": "Post Data Migration Information",
				"type": "ExecutePipeline",
				"dependsOn": [],
				"userProperties": [],
				"typeProperties": {
					"pipeline": {
						"referenceName": "pl_post_migration_report",
						"type": "PipelineReference"
					},
					"waitOnCompletion": true,
					"parameters": {
						"p_product_id": {
							"value": "@pipeline().parameters.p_product_id",
							"type": "Expression"
						},
						"p_report_status_id": {
							"value": "@pipeline().parameters.p_report_status_id",
							"type": "Expression"
						},
						"p_created_by": {
							"value": "@pipeline().parameters.p_created_by",
							"type": "Expression"
						}
					}
				}
			},
			{
				"name": "Post Data Migration Validation",
				"type": "ExecutePipeline",
				"dependsOn": [
					{
						"activity": "Post Data Migration Information",
						"dependencyConditions": [
							"Succeeded"
						]
					}
				],
				"userProperties": [],
				"typeProperties": {
					"pipeline": {
						"referenceName": "pl_post_migration_validation",
						"type": "PipelineReference"
					},
					"waitOnCompletion": true,
					"parameters": {
						"p_created_by": {
							"value": "@pipeline().parameters.p_created_by",
							"type": "Expression"
						},
						"p_product_id": {
							"value": "@pipeline().parameters.p_product_id",
							"type": "Expression"
						},
						"p_report_status_id": {
							"value": "@pipeline().parameters.p_report_status_id",
							"type": "Expression"
						}
					}
				}
			},
			{
				"name": "Update Report Status Success",
				"type": "Copy",
				"dependsOn": [
					{
						"activity": "Post Data Migration Validation",
						"dependencyConditions": [
							"Succeeded"
						]
					}
				],
				"policy": {
					"timeout": "0.12:00:00",
					"retry": 0,
					"retryIntervalInSeconds": 30,
					"secureOutput": false,
					"secureInput": false
				},
				"userProperties": [],
				"typeProperties": {
					"source": {
						"type": "AzureMySqlSource",
						"query": {
							"value": "select * from data_migration.report_status where 1=2",
							"type": "Expression"
						},
						"queryTimeout": "02:00:00"
					},
					"sink": {
						"type": "AzureMySqlSink",
						"writeBatchSize": 10000,
						"writeBatchTimeout": "00:00:30",
						"preCopyScript": {
							"value": "update data_migration.report_status\nset status='Succeded'\nwhere id= @{pipeline().parameters.p_report_status_id};",
							"type": "Expression"
						}
					},
					"enableStaging": false
				},
				"inputs": [
					{
						"referenceName": "ds_datamigration_db",
						"type": "DatasetReference",
						"parameters": {
							"table_name": "report_status"
						}
					}
				],
				"outputs": [
					{
						"referenceName": "ds_datamigration_db",
						"type": "DatasetReference",
						"parameters": {
							"table_name": "report_status"
						}
					}
				]
			},
			{
				"name": "Update Report Status Failure",
				"type": "Copy",
				"dependsOn": [
					{
						"activity": "Post Data Migration Validation",
						"dependencyConditions": [
							"Failed"
						]
					}
				],
				"policy": {
					"timeout": "0.12:00:00",
					"retry": 0,
					"retryIntervalInSeconds": 30,
					"secureOutput": false,
					"secureInput": false
				},
				"userProperties": [],
				"typeProperties": {
					"source": {
						"type": "AzureMySqlSource",
						"query": {
							"value": "select * from data_migration.report_status where 1=2",
							"type": "Expression"
						},
						"queryTimeout": "02:00:00"
					},
					"sink": {
						"type": "AzureMySqlSink",
						"writeBatchSize": 10000,
						"writeBatchTimeout": "00:00:30",
						"preCopyScript": {
							"value": "update data_migration.report_status\nset status='Failed'\nwhere id= @{pipeline().parameters.p_report_status_id};",
							"type": "Expression"
						}
					},
					"enableStaging": false
				},
				"inputs": [
					{
						"referenceName": "ds_datamigration_db",
						"type": "DatasetReference",
						"parameters": {
							"table_name": "report_status"
						}
					}
				],
				"outputs": [
					{
						"referenceName": "ds_datamigration_db",
						"type": "DatasetReference",
						"parameters": {
							"table_name": "report_status"
						}
					}
				]
			}
		],
		"parameters": {
			"p_product_id": {
				"type": "int"
			},
			"p_report_status_id": {
				"type": "int"
			},
			"p_created_by": {
				"type": "string"
			}
		},
		"folder": {
			"name": "validations"
		},
		"annotations": []
	}
}