{
	"name": "pl_source_file_server_info",
	"properties": {
		"activities": [
			{
				"name": "copy_file_path",
				"type": "Copy",
				"dependsOn": [
					{
						"activity": "If _condition",
						"dependencyConditions": [
							"Succeeded"
						]
					}
				],
				"policy": {
					"timeout": "0.12:00:00",
					"retry": 0,
					"retryIntervalInSeconds": 30,
					"secureOutput": false,
					"secureInput": false
				},
				"userProperties": [],
				"typeProperties": {
					"source": {
						"type": "AzurePostgreSqlSource",
						"query": {
							"value": "select distinct\n    f.sto_snmp_raid_ip as server,\n    concat(f.sto_snmp_raid_ip,REPLACE(f.sto_int_path,'/','\\'),coalesce(nullif(split_part(med_file_path, '/', 1),''),split_part(med_file_path, '/', 2))) as file_path,\n    '@{pipeline().globalParameters.dm_tenant_id}' as tenant_id,\n    '@{pipeline().globalParameters.job_type_id}' as job_type_id,\n    '@{pipeline().parameters.p_created_by}' as created_by,\n    '@{div(sub(ticks(adddays(pipeline().TriggerTime, -1)), ticks('1970-01-01')),10000000)}'as created_on,\n    '' as modified_by,\n    0 as modified_on,\n    1 as active\nfrom fb.media as m\njoin fb.storage as f\nON f.sto_seq = m.med_str_seq;",
							"type": "Expression"
						},
						"partitionOption": "None"
					},
					"sink": {
						"type": "AzureMySqlSink",
						"writeBatchSize": 10000,
						"writeBatchTimeout": "00:00:30",
						"preCopyScript": {
							"value": "delete from data_migration.source_file_server\nwhere tenant_id =@{pipeline().globalParameters.dm_tenant_id}\nand job_type_id =@{pipeline().globalParameters.job_type_id};",
							"type": "Expression"
						}
					},
					"enableStaging": false,
					"translator": {
						"type": "TabularTranslator",
						"mappings": [
							{
								"source": {
									"name": "server"
								},
								"sink": {
									"name": "server",
									"type": "String"
								}
							},
							{
								"source": {
									"name": "file_path"
								},
								"sink": {
									"name": "file_path",
									"type": "String"
								}
							},
							{
								"source": {
									"name": "tenant_id"
								},
								"sink": {
									"name": "tenant_id",
									"type": "Int32"
								}
							},
							{
								"source": {
									"name": "job_type_id"
								},
								"sink": {
									"name": "job_type_id",
									"type": "Int32"
								}
							},
							{
								"source": {
									"name": "created_by"
								},
								"sink": {
									"name": "created_by",
									"type": "String"
								}
							},
							{
								"source": {
									"name": "created_on"
								},
								"sink": {
									"name": "created_on",
									"type": "Int64"
								}
							},
							{
								"source": {
									"name": "modified_by"
								},
								"sink": {
									"name": "modified_by",
									"type": "String"
								}
							},
							{
								"source": {
									"name": "modified_on"
								},
								"sink": {
									"name": "modified_on",
									"type": "Int64"
								}
							},
							{
								"source": {
									"name": "active"
								},
								"sink": {
									"name": "active",
									"type": "Int16"
								}
							}
						],
						"typeConversion": true,
						"typeConversionSettings": {
							"allowDataTruncation": true,
							"treatBooleanAsNumber": true
						}
					}
				},
				"inputs": [
					{
						"referenceName": "ds_transformation_db",
						"type": "DatasetReference",
						"parameters": {
							"table_schema": "''",
							"table_name": "''"
						}
					}
				],
				"outputs": [
					{
						"referenceName": "ds_datamigration_db",
						"type": "DatasetReference",
						"parameters": {
							"table_name": "source_file_server"
						}
					}
				]
			},
			{
				"name": "update_report_status_success",
				"type": "Copy",
				"dependsOn": [
					{
						"activity": "copy_file_path",
						"dependencyConditions": [
							"Succeeded"
						]
					}
				],
				"policy": {
					"timeout": "0.12:00:00",
					"retry": 0,
					"retryIntervalInSeconds": 30,
					"secureOutput": false,
					"secureInput": false
				},
				"userProperties": [],
				"typeProperties": {
					"source": {
						"type": "AzureMySqlSource",
						"query": {
							"value": "select * from data_migration.report_status where 1=2",
							"type": "Expression"
						},
						"queryTimeout": "02:00:00"
					},
					"sink": {
						"type": "AzureMySqlSink",
						"writeBatchSize": 10000,
						"writeBatchTimeout": "00:00:30",
						"preCopyScript": {
							"value": "update data_migration.report_status\nset status='Succeded'\nwhere id= (select max(id) from data_migration.report_status)\nand report_type =@{pipeline().parameters.p_report_type}\nand job_type_id =@{pipeline().globalParameters.job_type_id}\nand tenant_id =@{pipeline().globalParameters.dm_tenant_id}",
							"type": "Expression"
						}
					},
					"enableStaging": false
				},
				"inputs": [
					{
						"referenceName": "ds_datamigration_db",
						"type": "DatasetReference",
						"parameters": {
							"table_name": "report_status"
						}
					}
				],
				"outputs": [
					{
						"referenceName": "ds_datamigration_db",
						"type": "DatasetReference",
						"parameters": {
							"table_name": "report_status"
						}
					}
				]
			},
			{
				"name": "update_report_status_failure",
				"type": "Copy",
				"dependsOn": [
					{
						"activity": "copy_file_path",
						"dependencyConditions": [
							"Failed"
						]
					}
				],
				"policy": {
					"timeout": "0.12:00:00",
					"retry": 0,
					"retryIntervalInSeconds": 30,
					"secureOutput": false,
					"secureInput": false
				},
				"userProperties": [],
				"typeProperties": {
					"source": {
						"type": "AzureMySqlSource",
						"query": {
							"value": "select * from data_migration.report_status where 1=2",
							"type": "Expression"
						},
						"queryTimeout": "02:00:00"
					},
					"sink": {
						"type": "AzureMySqlSink",
						"writeBatchSize": 10000,
						"writeBatchTimeout": "00:00:30",
						"preCopyScript": {
							"value": "update data_migration.report_status\nset status='Failed'\nwhere id= (select max(id) from data_migration.report_status)\nand report_type =@{pipeline().parameters.p_report_type}\nand job_type_id =@{pipeline().globalParameters.job_type_id}\nand tenant_id =@{pipeline().globalParameters.dm_tenant_id}",
							"type": "Expression"
						}
					},
					"enableStaging": false
				},
				"inputs": [
					{
						"referenceName": "ds_datamigration_db",
						"type": "DatasetReference",
						"parameters": {
							"table_name": "report_status"
						}
					}
				],
				"outputs": [
					{
						"referenceName": "ds_datamigration_db",
						"type": "DatasetReference",
						"parameters": {
							"table_name": "report_status"
						}
					}
				]
			},
			{
				"name": "lookup1",
				"type": "Lookup",
				"dependsOn": [],
				"policy": {
					"timeout": "0.12:00:00",
					"retry": 0,
					"retryIntervalInSeconds": 30,
					"secureOutput": false,
					"secureInput": false
				},
				"userProperties": [],
				"typeProperties": {
					"source": {
						"type": "AzureMySqlSource",
						"query": {
							"value": "select count(*) as count from data_migration.report_status where report_type=1\n",
							"type": "Expression"
						},
						"queryTimeout": "02:00:00"
					},
					"dataset": {
						"referenceName": "ds_datamigration_db",
						"type": "DatasetReference",
						"parameters": {
							"table_name": "''"
						}
					}
				}
			},
			{
				"name": "If _condition",
				"type": "IfCondition",
				"dependsOn": [
					{
						"activity": "lookup1",
						"dependencyConditions": [
							"Succeeded"
						]
					}
				],
				"userProperties": [],
				"typeProperties": {
					"expression": {
						"value": "@activity('Lookup1').output.firstRow.count",
						"type": "Expression"
					},
					"ifFalseActivities": [
						{
							"name": "insert_in_progress",
							"type": "Copy",
							"dependsOn": [],
							"policy": {
								"timeout": "0.12:00:00",
								"retry": 0,
								"retryIntervalInSeconds": 30,
								"secureOutput": false,
								"secureInput": false
							},
							"userProperties": [],
							"typeProperties": {
								"source": {
									"type": "AzureMySqlSource",
									"query": {
										"value": "select  'InProgress' as status,\n        '@{pipeline().parameters.p_report_type}' as report_type,\n       '@{pipeline().globalParameters.dm_tenant_id}' as tenant_id,\n       '@{pipeline().globalParameters.job_type_id}' as job_type_id,  \n       '@{pipeline().parameters.p_created_by}' as created_by,\n       '@{div(sub(ticks(adddays(pipeline().TriggerTime, -1)), ticks('1970-01-01')),10000000)}' as created_on,\n       '' as modified_by, \n       0 as modified_on,\n       1 as active\n",
										"type": "Expression"
									},
									"queryTimeout": "02:00:00"
								},
								"sink": {
									"type": "AzureMySqlSink",
									"writeBatchSize": 10000,
									"writeBatchTimeout": "00:00:30"
								},
								"enableStaging": false,
								"translator": {
									"type": "TabularTranslator",
									"mappings": [
										{
											"source": {
												"name": "status",
												"type": "String"
											},
											"sink": {
												"name": "status",
												"type": "String"
											}
										},
										{
											"source": {
												"name": "report_type",
												"type": "String"
											},
											"sink": {
												"name": "report_type",
												"type": "Int32"
											}
										},
										{
											"source": {
												"name": "tenant_id",
												"type": "String"
											},
											"sink": {
												"name": "tenant_id",
												"type": "Int32"
											}
										},
										{
											"source": {
												"name": "job_type_id",
												"type": "String"
											},
											"sink": {
												"name": "job_type_id",
												"type": "Int32"
											}
										},
										{
											"source": {
												"name": "created_by",
												"type": "String"
											},
											"sink": {
												"name": "created_by",
												"type": "String"
											}
										},
										{
											"source": {
												"name": "created_on",
												"type": "String"
											},
											"sink": {
												"name": "created_on",
												"type": "Int64"
											}
										},
										{
											"source": {
												"name": "modified_by",
												"type": "String"
											},
											"sink": {
												"name": "modified_by",
												"type": "String"
											}
										},
										{
											"source": {
												"name": "modified_on",
												"type": "Int32"
											},
											"sink": {
												"name": "modified_on",
												"type": "Int64"
											}
										},
										{
											"source": {
												"name": "active",
												"type": "Int32"
											},
											"sink": {
												"name": "active",
												"type": "Int16"
											}
										}
									],
									"typeConversion": true,
									"typeConversionSettings": {
										"allowDataTruncation": true,
										"treatBooleanAsNumber": true
									}
								}
							},
							"inputs": [
								{
									"referenceName": "ds_datamigration_db",
									"type": "DatasetReference",
									"parameters": {
										"table_name": "''"
									}
								}
							],
							"outputs": [
								{
									"referenceName": "ds_datamigration_db",
									"type": "DatasetReference",
									"parameters": {
										"table_name": "report_status"
									}
								}
							]
						}
					],
					"ifTrueActivities": [
						{
							"name": "insert_in_progress_copy",
							"type": "Copy",
							"dependsOn": [],
							"policy": {
								"timeout": "0.12:00:00",
								"retry": 0,
								"retryIntervalInSeconds": 30,
								"secureOutput": false,
								"secureInput": false
							},
							"userProperties": [],
							"typeProperties": {
								"source": {
									"type": "AzureMySqlSource",
									"query": {
										"value": "select * from data_migration.report_status where 1=2",
										"type": "Expression"
									},
									"queryTimeout": "02:00:00"
								},
								"sink": {
									"type": "AzureMySqlSink",
									"writeBatchSize": 10000,
									"writeBatchTimeout": "00:00:30",
									"preCopyScript": {
										"value": "update data_migration.report_status\nset status='InProgress'\nwhere id= (select max(id) from data_migration.report_status)\nand report_type =@{pipeline().parameters.p_report_type}\nand job_type_id =@{pipeline().globalParameters.job_type_id}\nand tenant_id =@{pipeline().globalParameters.dm_tenant_id}",
										"type": "Expression"
									}
								},
								"enableStaging": false,
								"translator": {
									"type": "TabularTranslator",
									"mappings": [
										{
											"source": {
												"name": "status",
												"type": "String"
											},
											"sink": {
												"name": "status",
												"type": "String"
											}
										},
										{
											"source": {
												"name": "report_type",
												"type": "String"
											},
											"sink": {
												"name": "report_type",
												"type": "Int32"
											}
										},
										{
											"source": {
												"name": "tenant_id",
												"type": "String"
											},
											"sink": {
												"name": "tenant_id",
												"type": "Int32"
											}
										},
										{
											"source": {
												"name": "job_type_id",
												"type": "String"
											},
											"sink": {
												"name": "job_type_id",
												"type": "Int32"
											}
										},
										{
											"source": {
												"name": "created_by",
												"type": "String"
											},
											"sink": {
												"name": "created_by",
												"type": "String"
											}
										},
										{
											"source": {
												"name": "created_on",
												"type": "String"
											},
											"sink": {
												"name": "created_on",
												"type": "Int64"
											}
										},
										{
											"source": {
												"name": "modified_by",
												"type": "String"
											},
											"sink": {
												"name": "modified_by",
												"type": "String"
											}
										},
										{
											"source": {
												"name": "modified_on",
												"type": "Int32"
											},
											"sink": {
												"name": "modified_on",
												"type": "Int64"
											}
										},
										{
											"source": {
												"name": "active",
												"type": "Int32"
											},
											"sink": {
												"name": "active",
												"type": "Int16"
											}
										}
									],
									"typeConversion": true,
									"typeConversionSettings": {
										"allowDataTruncation": true,
										"treatBooleanAsNumber": true
									}
								}
							},
							"inputs": [
								{
									"referenceName": "ds_datamigration_db",
									"type": "DatasetReference",
									"parameters": {
										"table_name": "''"
									}
								}
							],
							"outputs": [
								{
									"referenceName": "ds_datamigration_db",
									"type": "DatasetReference",
									"parameters": {
										"table_name": "report_status"
									}
								}
							]
						}
					]
				}
			}
		],
		"parameters": {
			"p_created_by": {
				"type": "string"
			},
			"p_report_type": {
				"type": "int"
			}
		},
		"annotations": []
	}
}