{
	"name": "pl_transformation_nexus_master",
	"properties": {
		"activities": [
			{
				"name": "execute_pl_evidencecategory",
				"type": "ExecutePipeline",
				"dependsOn": [],
				"userProperties": [],
				"typeProperties": {
					"pipeline": {
						"referenceName": "pl_evidencecategory",
						"type": "PipelineReference"
					},
					"waitOnCompletion": true,
					"parameters": {
						"p_data_migration_audit_id_child": {
							"value": "@pipeline().parameters.p_data_migration_audit_id",
							"type": "Expression"
						},
						"p_created_by_child": {
							"value": "@pipeline().parameters.p_created_by",
							"type": "Expression"
						}
					}
				}
			},
			{
				"name": "execute_pl_unittypes",
				"type": "ExecutePipeline",
				"dependsOn": [],
				"userProperties": [],
				"typeProperties": {
					"pipeline": {
						"referenceName": "pl_unittypes",
						"type": "PipelineReference"
					},
					"waitOnCompletion": true,
					"parameters": {
						"p_data_migration_audit_id_child": {
							"value": "@pipeline().parameters.p_data_migration_audit_id\n",
							"type": "Expression"
						},
						"p_created_by_child": {
							"value": "@pipeline().parameters.p_created_by",
							"type": "Expression"
						}
					}
				}
			},
			{
				"name": "execute_pl_users",
				"type": "ExecutePipeline",
				"dependsOn": [
					{
						"activity": "execute_pl_evidencecategory",
						"dependencyConditions": [
							"Succeeded"
						]
					},
					{
						"activity": "execute_pl_unittypes",
						"dependencyConditions": [
							"Succeeded"
						]
					}
				],
				"userProperties": [],
				"typeProperties": {
					"pipeline": {
						"referenceName": "pl_users",
						"type": "PipelineReference"
					},
					"waitOnCompletion": true,
					"parameters": {
						"p_data_migration_audit_id_child": {
							"value": "@pipeline().parameters.p_data_migration_audit_id\n",
							"type": "Expression"
						},
						"p_created_by_child": {
							"value": "@pipeline().parameters.p_created_by",
							"type": "Expression"
						}
					}
				}
			},
			{
				"name": "execute_pl_units",
				"type": "ExecutePipeline",
				"dependsOn": [
					{
						"activity": "execute_pl_users",
						"dependencyConditions": [
							"Succeeded"
						]
					}
				],
				"userProperties": [],
				"typeProperties": {
					"pipeline": {
						"referenceName": "pl_units",
						"type": "PipelineReference"
					},
					"waitOnCompletion": true,
					"parameters": {
						"p_data_migration_audit_id_child": {
							"value": "@pipeline().parameters.p_data_migration_audit_id\n",
							"type": "Expression"
						},
						"p_created_by_child": {
							"value": "@pipeline().parameters.p_created_by",
							"type": "Expression"
						}
					}
				}
			},
			{
				"name": "execute_pl_cases",
				"type": "ExecutePipeline",
				"dependsOn": [
					{
						"activity": "execute_pl_units",
						"dependencyConditions": [
							"Succeeded"
						]
					}
				],
				"userProperties": [],
				"typeProperties": {
					"pipeline": {
						"referenceName": "pl_cases",
						"type": "PipelineReference"
					},
					"waitOnCompletion": true,
					"parameters": {
						"p_data_migration_audit_id": {
							"value": "@pipeline().parameters.p_data_migration_audit_id\n",
							"type": "Expression"
						},
						"p_created_by": {
							"value": "@pipeline().parameters.p_created_by",
							"type": "Expression"
						}
					}
				}
			},
			{
				"name": "execute_pl_evidencecases",
				"type": "ExecutePipeline",
				"dependsOn": [
					{
						"activity": "pl_evidences",
						"dependencyConditions": [
							"Succeeded"
						]
					},
					{
						"activity": "execute_pl_cases",
						"dependencyConditions": [
							"Succeeded"
						]
					}
				],
				"userProperties": [],
				"typeProperties": {
					"pipeline": {
						"referenceName": "pl_evidencecases",
						"type": "PipelineReference"
					},
					"waitOnCompletion": true,
					"parameters": {
						"p_data_migration_audit_id": {
							"value": "@pipeline().parameters.p_data_migration_audit_id\n",
							"type": "Expression"
						},
						"p_created_by": {
							"value": "@pipeline().parameters.p_created_by",
							"type": "Expression"
						}
					}
				}
			},
			{
				"name": "execute_pl_evidenceevidencerooms",
				"type": "ExecutePipeline",
				"dependsOn": [
					{
						"activity": "execute_pl_evidencecases",
						"dependencyConditions": [
							"Succeeded"
						]
					}
				],
				"userProperties": [],
				"typeProperties": {
					"pipeline": {
						"referenceName": "pl_evidenceevidencerooms",
						"type": "PipelineReference"
					},
					"waitOnCompletion": true,
					"parameters": {
						"p_data_migration_audit_id": {
							"value": "@pipeline().parameters.p_data_migration_audit_id\n",
							"type": "Expression"
						},
						"p_created_by": {
							"value": "@pipeline().parameters.p_created_by",
							"type": "Expression"
						}
					}
				}
			},
			{
				"name": "execute_pl_chains",
				"type": "ExecutePipeline",
				"dependsOn": [
					{
						"activity": "execute_pl_evidenceevidencerooms",
						"dependencyConditions": [
							"Succeeded"
						]
					}
				],
				"userProperties": [],
				"typeProperties": {
					"pipeline": {
						"referenceName": "pl_chains",
						"type": "PipelineReference"
					},
					"waitOnCompletion": true,
					"parameters": {
						"p_data_migration_audit_id": {
							"value": "@pipeline().parameters.p_data_migration_audit_id\n",
							"type": "Expression"
						},
						"p_created_by": {
							"value": "@pipeline().parameters.p_created_by",
							"type": "Expression"
						}
					}
				}
			},
			{
				"name": "execute_pl_caseowners",
				"type": "ExecutePipeline",
				"dependsOn": [
					{
						"activity": "execute_pl_cases",
						"dependencyConditions": [
							"Succeeded"
						]
					}
				],
				"userProperties": [],
				"typeProperties": {
					"pipeline": {
						"referenceName": "pl_caseowners",
						"type": "PipelineReference"
					},
					"waitOnCompletion": true,
					"parameters": {
						"p_data_migration_audit_id": {
							"value": "@pipeline().parameters.p_data_migration_audit_id\n",
							"type": "Expression"
						},
						"p_created_by": {
							"value": "@pipeline().parameters.p_created_by",
							"type": "Expression"
						}
					}
				}
			},
			{
				"name": "execute_pl_comments",
				"type": "ExecutePipeline",
				"dependsOn": [
					{
						"activity": "execute_pl_caseowners",
						"dependencyConditions": [
							"Succeeded"
						]
					}
				],
				"userProperties": [],
				"typeProperties": {
					"pipeline": {
						"referenceName": "pl_comments",
						"type": "PipelineReference"
					},
					"waitOnCompletion": true,
					"parameters": {
						"p_data_migration_audit_id": {
							"value": "@pipeline().parameters.p_data_migration_audit_id\n",
							"type": "Expression"
						},
						"p_created_by": {
							"value": "@pipeline().parameters.p_created_by",
							"type": "Expression"
						}
					}
				}
			},
			{
				"name": "pl_evidences",
				"type": "ExecutePipeline",
				"dependsOn": [
					{
						"activity": "execute_pl_units",
						"dependencyConditions": [
							"Succeeded"
						]
					}
				],
				"userProperties": [],
				"typeProperties": {
					"pipeline": {
						"referenceName": "pl_evidences",
						"type": "PipelineReference"
					},
					"waitOnCompletion": true,
					"parameters": {
						"p_data_migration_audit_id": {
							"value": "@pipeline().parameters.p_data_migration_audit_id\n",
							"type": "Expression"
						},
						"p_created_by": {
							"value": "@pipeline().parameters.p_created_by",
							"type": "Expression"
						}
					}
				}
			},
			{
				"name": "execute pl_databricks_mount_schema_guid_coc",
				"type": "ExecutePipeline",
				"dependsOn": [
					{
						"activity": "execute_pl_chains",
						"dependencyConditions": [
							"Succeeded"
						]
					}
				],
				"userProperties": [],
				"typeProperties": {
					"pipeline": {
						"referenceName": "pl_databricks_mount_schema_guid_coc",
						"type": "PipelineReference"
					},
					"waitOnCompletion": true
				}
			},
			{
				"name": "Execute Files",
				"type": "ExecutePipeline",
				"dependsOn": [
					{
						"activity": "execute pl_databricks_mount_schema_guid_coc",
						"dependencyConditions": [
							"Succeeded"
						]
					}
				],
				"userProperties": [],
				"typeProperties": {
					"pipeline": {
						"referenceName": "pl_files",
						"type": "PipelineReference"
					},
					"waitOnCompletion": true,
					"parameters": {
						"p_data_migration_audit_id": {
							"value": "@pipeline().parameters.p_data_migration_audit_id\n",
							"type": "Expression"
						},
						"p_created_by": {
							"value": "@pipeline().parameters.p_created_by",
							"type": "Expression"
						}
					}
				}
			},
			{
				"name": "Execute media",
				"type": "ExecutePipeline",
				"dependsOn": [
					{
						"activity": "Execute Files",
						"dependencyConditions": [
							"Succeeded"
						]
					}
				],
				"userProperties": [],
				"typeProperties": {
					"pipeline": {
						"referenceName": "pl_media",
						"type": "PipelineReference"
					},
					"waitOnCompletion": true,
					"parameters": {
						"p_data_migration_audit_id": {
							"value": "@pipeline().parameters.p_data_migration_audit_id\n",
							"type": "Expression"
						},
						"p_created_by": {
							"value": "@pipeline().parameters.p_created_by",
							"type": "Expression"
						}
					}
				}
			},
			{
				"name": "success log",
				"type": "Copy",
				"dependsOn": [
					{
						"activity": "Execute media",
						"dependencyConditions": [
							"Succeeded"
						]
					}
				],
				"policy": {
					"timeout": "0.12:00:00",
					"retry": 0,
					"retryIntervalInSeconds": 30,
					"secureOutput": false,
					"secureInput": false
				},
				"userProperties": [],
				"typeProperties": {
					"source": {
						"type": "AzureMySqlSource",
						"query": {
							"value": "select * from data_migration.data_migration_audit where 1=2",
							"type": "Expression"
						},
						"queryTimeout": "02:00:00"
					},
					"sink": {
						"type": "AzureMySqlSink",
						"writeBatchSize": 10000,
						"writeBatchTimeout": "00:00:30",
						"preCopyScript": {
							"value": "update data_migration.data_migration_audit\nset status= '@{variables('success_status')}'\nwhere id= @{pipeline().parameters.p_data_migration_audit_id};",
							"type": "Expression"
						}
					},
					"enableStaging": false,
					"translator": {
						"type": "TabularTranslator",
						"typeConversion": true,
						"typeConversionSettings": {
							"allowDataTruncation": true,
							"treatBooleanAsNumber": false
						}
					}
				},
				"inputs": [
					{
						"referenceName": "ds_datamigration_db",
						"type": "DatasetReference",
						"parameters": {
							"table_name": "data_migration_audit"
						}
					}
				],
				"outputs": [
					{
						"referenceName": "ds_datamigration_db",
						"type": "DatasetReference",
						"parameters": {
							"table_name": "data_migration_audit"
						}
					}
				]
			},
			{
				"name": "failure log",
				"type": "Copy",
				"dependsOn": [
					{
						"activity": "Execute media",
						"dependencyConditions": [
							"Failed"
						]
					},
					{
						"activity": "Execute Files",
						"dependencyConditions": [
							"Failed"
						]
					},
					{
						"activity": "execute pl_databricks_mount_schema_guid_coc",
						"dependencyConditions": [
							"Failed"
						]
					},
					{
						"activity": "execute_pl_chains",
						"dependencyConditions": [
							"Failed"
						]
					},
					{
						"activity": "execute_pl_evidenceevidencerooms",
						"dependencyConditions": [
							"Failed"
						]
					},
					{
						"activity": "execute_pl_comments",
						"dependencyConditions": [
							"Failed"
						]
					},
					{
						"activity": "execute_pl_evidencecases",
						"dependencyConditions": [
							"Failed"
						]
					},
					{
						"activity": "execute_pl_caseowners",
						"dependencyConditions": [
							"Failed"
						]
					},
					{
						"activity": "pl_evidences",
						"dependencyConditions": [
							"Failed"
						]
					},
					{
						"activity": "execute_pl_cases",
						"dependencyConditions": [
							"Failed"
						]
					},
					{
						"activity": "execute_pl_units",
						"dependencyConditions": [
							"Failed"
						]
					},
					{
						"activity": "execute_pl_users",
						"dependencyConditions": [
							"Failed"
						]
					},
					{
						"activity": "execute_pl_unittypes",
						"dependencyConditions": [
							"Failed"
						]
					},
					{
						"activity": "execute_pl_evidencecategory",
						"dependencyConditions": [
							"Failed"
						]
					}
				],
				"policy": {
					"timeout": "0.12:00:00",
					"retry": 0,
					"retryIntervalInSeconds": 30,
					"secureOutput": false,
					"secureInput": false
				},
				"userProperties": [],
				"typeProperties": {
					"source": {
						"type": "AzureMySqlSource",
						"query": {
							"value": "select * from data_migration.data_migration_audit where 1=2",
							"type": "Expression"
						},
						"queryTimeout": "02:00:00"
					},
					"sink": {
						"type": "AzureMySqlSink",
						"writeBatchSize": 10000,
						"writeBatchTimeout": "00:00:30",
						"preCopyScript": {
							"value": "update data_migration.data_migration_audit\nset status= '@{variables('failure_status')}'\nwhere id= @{pipeline().parameters.p_data_migration_audit_id};",
							"type": "Expression"
						}
					},
					"enableStaging": false,
					"translator": {
						"type": "TabularTranslator",
						"typeConversion": true,
						"typeConversionSettings": {
							"allowDataTruncation": true,
							"treatBooleanAsNumber": false
						}
					}
				},
				"inputs": [
					{
						"referenceName": "ds_datamigration_db",
						"type": "DatasetReference",
						"parameters": {
							"table_name": "data_migration_audit"
						}
					}
				],
				"outputs": [
					{
						"referenceName": "ds_datamigration_db",
						"type": "DatasetReference",
						"parameters": {
							"table_name": "data_migration_audit"
						}
					}
				]
			}
		],
		"parameters": {
			"p_run_condition": {
				"type": "string"
			},
			"p_data_migration_audit_id": {
				"type": "int"
			},
			"p_created_by": {
				"type": "string"
			}
		},
		"variables": {
			"success_status": {
				"type": "String",
				"defaultValue": "Succeeded"
			},
			"failure_status": {
				"type": "String",
				"defaultValue": "Failed"
			}
		},
		"folder": {
			"name": "transformation_to_nexus_api"
		},
		"annotations": []
	}
}