{
	"name": "pl_users_copy",
	"properties": {
		"activities": [
			{
				"name": "ForEach1",
				"type": "ForEach",
				"dependsOn": [
					{
						"activity": "role id",
						"dependencyConditions": [
							"Succeeded"
						]
					},
					{
						"activity": "main evidence room id",
						"dependencyConditions": [
							"Succeeded"
						]
					},
					{
						"activity": "Lookup",
						"dependencyConditions": [
							"Succeeded"
						]
					}
				],
				"userProperties": [],
				"typeProperties": {
					"items": {
						"value": "@activity('Lookup').output.value",
						"type": "Expression"
					},
					"isSequential": false,
					"batchCount": 20,
					"activities": [
						{
							"name": "runtime",
							"type": "SetVariable",
							"dependsOn": [
								{
									"activity": "Copying data from post api and bridge table",
									"dependencyConditions": [
										"Succeeded"
									]
								}
							],
							"userProperties": [],
							"typeProperties": {
								"variableName": "runtime",
								"value": {
									"value": "@activity('Copying data from post api and bridge table').output.effectiveIntegrationRuntime",
									"type": "Expression"
								}
							}
						},
						{
							"name": "Activityrunid",
							"type": "SetVariable",
							"dependsOn": [
								{
									"activity": "Copying data from post api and bridge table",
									"dependencyConditions": [
										"Failed"
									]
								}
							],
							"userProperties": [],
							"typeProperties": {
								"variableName": "Activityrunid",
								"value": {
									"value": "@activity('Copying data from post api and bridge table').ActivityRunId",
									"type": "Expression"
								}
							}
						},
						{
							"name": "errordescription",
							"type": "SetVariable",
							"dependsOn": [
								{
									"activity": "Copying data from post api and bridge table",
									"dependencyConditions": [
										"Failed"
									]
								}
							],
							"userProperties": [],
							"typeProperties": {
								"variableName": "errordescription",
								"value": {
									"value": "@replace(activity('Copying data from post api and bridge table').error.message,'''','')",
									"type": "Expression"
								}
							}
						},
						{
							"name": "failuretype",
							"type": "SetVariable",
							"dependsOn": [
								{
									"activity": "Copying data from post api and bridge table",
									"dependencyConditions": [
										"Failed"
									]
								}
							],
							"userProperties": [],
							"typeProperties": {
								"variableName": "failuretype",
								"value": {
									"value": "@activity('Copying data from post api and bridge table').error.failureType",
									"type": "Expression"
								}
							}
						},
						{
							"name": "Copying data from post api and bridge table",
							"type": "Copy",
							"dependsOn": [],
							"policy": {
								"timeout": "0.12:00:00",
								"retry": 0,
								"retryIntervalInSeconds": 30,
								"secureOutput": false,
								"secureInput": false
							},
							"userProperties": [],
							"typeProperties": {
								"source": {
									"type": "RestSource",
									"additionalColumns": [
										{
											"name": "seq",
											"value": {
												"value": "@item().usr_seq",
												"type": "Expression"
											}
										}
									],
									"httpRequestTimeout": "00:01:40",
									"requestInterval": "00.00:00:00.010",
									"requestMethod": "POST",
									"requestBody": {
										"value": "@{json(\nconcat('{\n \"allowAccessFrom\":\"10:00:00\",\n \"allowAccessTo\":\"11:00:00\",\n \"devicePassword\":\"','','\",\n \"email\":\"',item().usr_email,'\",\n \"emailAlerts\":false,\n \"employeeId\":\"\",\n \"evidenceRoom\":\"',variables('historical_evidence_room'),'\",\n \"firstName\":\"',item().firstName,'\",\n \"groups\":[\"578cfd51-b172-40f3-909c-8f8fdb02782d\"],\n \"language\":\"en\",\n \"lastName\":\"',item().lastName,'\",\n \"mfa\":false,\n \"restrictedLogin\":false,\n \"roles\":[\n  \"',variables('role_id_officer'),'\"\n  ]\n  }'))}\n",
										"type": "Expression"
									},
									"additionalHeaders": {
										"X-Tenant-Id": {
											"value": "@pipeline().globalParameters.tenant_id",
											"type": "Expression"
										},
										"Authorization": {
											"value": "@variables('access_token')",
											"type": "Expression"
										},
										"Content-Type": "application/json"
									},
									"paginationRules": {
										"supportRFC5988": "true"
									}
								},
								"sink": {
									"type": "AzurePostgreSQLSink",
									"writeBatchSize": 1000000,
									"writeBatchTimeout": "00:30:00",
									"preCopyScript": {
										"value": "delete from bridge.user_tsec_users where id is null",
										"type": "Expression"
									},
									"writeMethod": "CopyCommand"
								},
								"enableStaging": false,
								"translator": {
									"type": "TabularTranslator",
									"mappings": [
										{
											"source": {
												"path": "$['userId']"
											},
											"sink": {
												"name": "id"
											}
										},
										{
											"source": {
												"path": "$['seq']"
											},
											"sink": {
												"name": "usr_seq"
											}
										}
									]
								}
							},
							"inputs": [
								{
									"referenceName": "ds_internal_api",
									"type": "DatasetReference",
									"parameters": {
										"url": {
											"value": "@pipeline().globalParameters.tenant_settings_users_endpoint",
											"type": "Expression"
										}
									}
								}
							],
							"outputs": [
								{
									"referenceName": "ds_transformation_db",
									"type": "DatasetReference",
									"parameters": {
										"table_schema": "bridge",
										"table_name": "user_tsec_users"
									}
								}
							]
						}
					]
				}
			},
			{
				"name": "Get Role API",
				"type": "WebActivity",
				"dependsOn": [
					{
						"activity": "access_token",
						"dependencyConditions": [
							"Succeeded"
						]
					}
				],
				"policy": {
					"timeout": "7.00:00:00",
					"retry": 0,
					"retryIntervalInSeconds": 30,
					"secureOutput": false,
					"secureInput": false
				},
				"userProperties": [],
				"typeProperties": {
					"url": {
						"value": "@pipeline().globalParameters.tenant_settings_roles_endpoint",
						"type": "Expression"
					},
					"method": "GET",
					"headers": {
						"Authorization": {
							"value": "@variables('access_token')",
							"type": "Expression"
						},
						"Content-Type": "application/json",
						"x-tenant-id": "desm"
					}
				}
			},
			{
				"name": "Get Eidence Rooms",
				"type": "WebActivity",
				"dependsOn": [
					{
						"activity": "access_token",
						"dependencyConditions": [
							"Succeeded"
						]
					}
				],
				"policy": {
					"timeout": "7.00:00:00",
					"retry": 0,
					"retryIntervalInSeconds": 30,
					"secureOutput": false,
					"secureInput": false
				},
				"userProperties": [],
				"typeProperties": {
					"url": {
						"value": "@pipeline().globalParameters.tenant_settings_evidence_rooms_endpoint",
						"type": "Expression"
					},
					"method": "GET",
					"headers": {
						"Authorization": {
							"value": "@variables('access_token')",
							"type": "Expression"
						},
						"Content-Type": "application/json",
						"x-tenant-id": "desm"
					}
				}
			},
			{
				"name": "role id",
				"type": "SetVariable",
				"dependsOn": [
					{
						"activity": "Filter role id",
						"dependencyConditions": [
							"Succeeded"
						]
					}
				],
				"userProperties": [],
				"typeProperties": {
					"variableName": "role_id_officer",
					"value": {
						"value": "@activity('Filter role id').output.Value[0].id",
						"type": "Expression"
					}
				}
			},
			{
				"name": "main evidence room id",
				"type": "SetVariable",
				"dependsOn": [
					{
						"activity": "Filter main evidence room id",
						"dependencyConditions": [
							"Succeeded"
						]
					}
				],
				"userProperties": [],
				"typeProperties": {
					"variableName": "historical_evidence_room",
					"value": {
						"value": "@activity('Filter main evidence room id').output.Value[0].id",
						"type": "Expression"
					}
				}
			},
			{
				"name": "Filter role id",
				"type": "Filter",
				"dependsOn": [
					{
						"activity": "Get Role API",
						"dependencyConditions": [
							"Succeeded"
						]
					}
				],
				"userProperties": [],
				"typeProperties": {
					"items": {
						"value": "@json(activity('Get Role API').output.response)",
						"type": "Expression"
					},
					"condition": {
						"value": "@equals(item().name,pipeline().globalParameters.role_name)",
						"type": "Expression"
					}
				}
			},
			{
				"name": "Filter main evidence room id",
				"type": "Filter",
				"dependsOn": [
					{
						"activity": "Get Eidence Rooms",
						"dependencyConditions": [
							"Succeeded"
						]
					}
				],
				"userProperties": [],
				"typeProperties": {
					"items": {
						"value": "@json(activity('Get Eidence Rooms').output.response)",
						"type": "Expression"
					},
					"condition": {
						"value": "@equals(item().main,true)",
						"type": "Expression"
					}
				}
			},
			{
				"name": "log_success_trans_nexus",
				"type": "Copy",
				"dependsOn": [
					{
						"activity": "ForEach1",
						"dependencyConditions": [
							"Succeeded"
						]
					}
				],
				"policy": {
					"timeout": "7.00:00:00",
					"retry": 0,
					"retryIntervalInSeconds": 30,
					"secureOutput": false,
					"secureInput": false
				},
				"userProperties": [],
				"typeProperties": {
					"source": {
						"type": "AzureMySqlSource",
						"query": {
							"value": "SELECT \n '@{pipeline().DataFactory}' as data_factory_name,\n '@{pipeline().Pipeline}' as pipeline_name,\n '@{pipeline().RunId}' as run_id,\n '@{pipeline().TriggerType}' as trigger_type,\n '@{pipeline().TriggerId}' as trigger_id,\n '@{div(sub(ticks(adddays(pipeline().TriggerTime, -1)), ticks('1970-01-01')),10000000)}' as trigger_time,\n '@{pipeline().TriggerName}' as trigger_name,\n 0 as rows_copied,\n 0 as data_read,\n 0 as no_parallel_copies,\n 0 as copy_duration_in_secs,\n '@{variables('runtime')}' as effective_integration_run_time,\n 'AzurePostgreSqlNpgsql' as source_type,\n 'Mariadb' as sink_type,\n'Succeeded' as execution_status,\n '@{div(sub(ticks(adddays(pipeline().TriggerTime, -1)), ticks('1970-01-01')),10000000)}' as copy_activity_start_time,\n '@{div(sub(ticks(adddays(utcnow(), -1)), ticks('1970-01-01')),10000000)}' as copy_activity_end_time,\n '@{variables('Activityrunid')}' as activity_run_id,\n 'null' as copy_activity_queuing_duration_in_secs,\n 'null' as copy_activity_transfer_duration_in_secs,\n '@{pipeline().parameters.p_data_migration_audit_id_child}' as data_migration_audit_id,\n '@{pipeline().parameters.p_created_by_child}' as created_by,\n 'Users' as entity_name,\n '@{div(sub(ticks(adddays(pipeline().TriggerTime, -1)), ticks('1970-01-01')),10000000)}'as created_on,\n '' as modified_by,\n  0 as modified_on,\n 1 as active\n ",
							"type": "Expression"
						},
						"queryTimeout": "02:00:00"
					},
					"sink": {
						"type": "AzureMySqlSink",
						"writeBatchSize": 10000,
						"writeBatchTimeout": "00:00:30"
					},
					"enableStaging": false
				},
				"inputs": [
					{
						"referenceName": "ds_datamigration_db",
						"type": "DatasetReference",
						"parameters": {
							"table_name": "adf_pipeline_logs"
						}
					}
				],
				"outputs": [
					{
						"referenceName": "ds_datamigration_db",
						"type": "DatasetReference",
						"parameters": {
							"table_name": "adf_pipeline_logs"
						}
					}
				]
			},
			{
				"name": "log_error_trans_nexus",
				"type": "Copy",
				"dependsOn": [
					{
						"activity": "ForEach1",
						"dependencyConditions": [
							"Failed"
						]
					}
				],
				"policy": {
					"timeout": "7.00:00:00",
					"retry": 0,
					"retryIntervalInSeconds": 30,
					"secureOutput": false,
					"secureInput": false
				},
				"userProperties": [],
				"typeProperties": {
					"source": {
						"type": "AzureMySqlSource",
						"query": {
							"value": "SELECT \n'@{pipeline().DataFactory}' as data_factory_name,\n'@{pipeline().Pipeline}' as pipeline_name,\n'@{pipeline().RunId}' as run_id,\n'@{pipeline().TriggerType}' as trigger_type,\n'@{pipeline().TriggerId}' as trigger_id,\n'@{pipeline().TriggerName}' as trigger_name,\n'@{div(sub(ticks(adddays(pipeline().TriggerTime, -0)), ticks('1970-01-01')),10000000)}' as trigger_time,\n'@{variables('errordescription')}' as error_description,\n0 as error_code,\n'@{div(sub(ticks(adddays(utcnow(), -0)), ticks('1970-01-01')),10000000)}' as error_logged_time,\n'@{variables('failuretype')}' as failure_type,\n'Users' as entity_name,\n'@{variables('Activityrunid')}' as activity_run_id,\n'@{pipeline().parameters.p_data_migration_audit_id_child}' as data_migration_audit_id,\n'@{pipeline().parameters.p_created_by_child}' as created_by,\n'@{div(sub(ticks(adddays(pipeline().TriggerTime, -0)), ticks('1970-01-01')),10000000)}'\tas created_on,\n0 as modified_by,\n0 as modified_on,\n1 as active",
							"type": "Expression"
						},
						"queryTimeout": "02:00:00"
					},
					"sink": {
						"type": "AzureMySqlSink",
						"writeBatchSize": 10000,
						"writeBatchTimeout": "00:00:30"
					},
					"enableStaging": false
				},
				"inputs": [
					{
						"referenceName": "ds_datamigration_db",
						"type": "DatasetReference",
						"parameters": {
							"table_name": "adf_pipeline_errors"
						}
					}
				],
				"outputs": [
					{
						"referenceName": "ds_datamigration_db",
						"type": "DatasetReference",
						"parameters": {
							"table_name": "adf_pipeline_errors"
						}
					}
				]
			},
			{
				"name": "access_token",
				"type": "SetVariable",
				"dependsOn": [
					{
						"activity": "Auth token",
						"dependencyConditions": [
							"Succeeded"
						]
					}
				],
				"userProperties": [],
				"typeProperties": {
					"variableName": "access_token",
					"value": {
						"value": "@concat('Bearer ',activity('Auth token').output.access_token)",
						"type": "Expression"
					}
				}
			},
			{
				"name": "Copy to tmp_users",
				"type": "Copy",
				"dependsOn": [
					{
						"activity": "access_token",
						"dependencyConditions": [
							"Succeeded"
						]
					}
				],
				"policy": {
					"timeout": "0.12:00:00",
					"retry": 0,
					"retryIntervalInSeconds": 30,
					"secureOutput": false,
					"secureInput": false
				},
				"userProperties": [],
				"typeProperties": {
					"source": {
						"type": "RestSource",
						"httpRequestTimeout": "00:01:40",
						"requestInterval": "00.00:00:00.010",
						"requestMethod": "GET",
						"additionalHeaders": {
							"Authorization": {
								"value": "@variables('access_token')",
								"type": "Expression"
							},
							"X-Tenant-Id": {
								"value": "@pipeline().globalParameters.tenant_id",
								"type": "Expression"
							}
						},
						"paginationRules": {
							"supportRFC5988": "true"
						}
					},
					"sink": {
						"type": "AzurePostgreSQLSink",
						"writeBatchSize": 1000000,
						"writeBatchTimeout": "00:30:00",
						"preCopyScript": {
							"value": "truncate table bridge.tmp_users",
							"type": "Expression"
						},
						"writeMethod": "CopyCommand"
					},
					"enableStaging": false,
					"translator": {
						"type": "TabularTranslator",
						"mappings": [
							{
								"source": {
									"path": "['id']"
								},
								"sink": {
									"name": "id"
								}
							},
							{
								"source": {
									"path": "['email']"
								},
								"sink": {
									"name": "email"
								}
							},
							{
								"source": {
									"path": "['firstName']"
								},
								"sink": {
									"name": "firstname"
								}
							},
							{
								"source": {
									"path": "['lastName']"
								},
								"sink": {
									"name": "lastname"
								}
							},
							{
								"source": {
									"path": "['active']"
								},
								"sink": {
									"name": "active"
								}
							},
							{
								"source": {
									"path": "['evidenceRoomId']"
								},
								"sink": {
									"name": "evidenceroom_id"
								}
							},
							{
								"source": {
									"path": "['activeDirectory']"
								},
								"sink": {
									"name": "activedirectory"
								}
							}
						],
						"collectionReference": "$['content']",
						"mapComplexValuesToString": true
					}
				},
				"inputs": [
					{
						"referenceName": "ds_internal_api",
						"type": "DatasetReference",
						"parameters": {
							"url": {
								"value": "@pipeline().globalParameters.tenant_settings_users_endpoint",
								"type": "Expression"
							}
						}
					}
				],
				"outputs": [
					{
						"referenceName": "ds_transformation_db",
						"type": "DatasetReference",
						"parameters": {
							"table_schema": "bridge",
							"table_name": "tmp_users"
						}
					}
				]
			},
			{
				"name": "Calling password",
				"type": "WebActivity",
				"dependsOn": [],
				"policy": {
					"timeout": "0.12:00:00",
					"retry": 0,
					"retryIntervalInSeconds": 30,
					"secureOutput": false,
					"secureInput": false
				},
				"userProperties": [],
				"typeProperties": {
					"url": {
						"value": "@{pipeline().globalParameters.az_keyvault_uri}secrets/dev-desm-SSOdatamigrationengineclientsecret?api-version=7.0",
						"type": "Expression"
					},
					"method": "GET",
					"authentication": {
						"type": "MSI",
						"resource": " https://vault.usgovcloudapi.net"
					}
				}
			},
			{
				"name": "Auth token",
				"type": "WebActivity",
				"dependsOn": [
					{
						"activity": "Calling password",
						"dependencyConditions": [
							"Succeeded"
						]
					},
					{
						"activity": "Calling secret",
						"dependencyConditions": [
							"Succeeded"
						]
					}
				],
				"policy": {
					"timeout": "0.12:00:00",
					"retry": 0,
					"retryIntervalInSeconds": 30,
					"secureOutput": false,
					"secureInput": false
				},
				"userProperties": [],
				"typeProperties": {
					"url": {
						"value": "@pipeline().globalParameters.identityManagerAccessTokenUrl",
						"type": "Expression"
					},
					"method": "POST",
					"headers": {
						"content-Type": "application/x-www-form-urlencoded"
					},
					"body": {
						"value": "client_id=@{pipeline().globalParameters.SSOdatamigrationengineclient}&client_secret=@{activity('Calling secret').output.value}&grant_type=password&username=migration@safefleetcloud.com&password=@{activity('Calling password').output.value}",
						"type": "Expression"
					}
				}
			},
			{
				"name": "Calling secret",
				"type": "WebActivity",
				"dependsOn": [],
				"policy": {
					"timeout": "0.12:00:00",
					"retry": 0,
					"retryIntervalInSeconds": 30,
					"secureOutput": false,
					"secureInput": false
				},
				"userProperties": [],
				"typeProperties": {
					"url": {
						"value": "@{pipeline().globalParameters.az_keyvault_uri}secrets/dev-desm-nexus-api-client-secret?api-version=7.0",
						"type": "Expression"
					},
					"method": "GET",
					"authentication": {
						"type": "MSI",
						"resource": " https://vault.usgovcloudapi.net"
					}
				}
			},
			{
				"name": "Copy data bridge user_tsec_users",
				"type": "Copy",
				"dependsOn": [],
				"policy": {
					"timeout": "0.12:00:00",
					"retry": 0,
					"retryIntervalInSeconds": 30,
					"secureOutput": false,
					"secureInput": false
				},
				"userProperties": [],
				"typeProperties": {
					"source": {
						"type": "AzurePostgreSqlSource",
						"query": {
							"value": "select a.usr_seq,b.id from fb.users a \nleft join bridge.tmp_users b \non a.usr_email=b.email \nleft join bridge.user_tsec_users c \non a.usr_seq=c.usr_seq \nwhere b.id is not null and c.id is null",
							"type": "Expression"
						},
						"partitionOption": "None"
					},
					"sink": {
						"type": "AzurePostgreSQLSink",
						"writeBatchSize": 1000000,
						"writeBatchTimeout": "00:30:00",
						"writeMethod": "CopyCommand"
					},
					"enableStaging": false,
					"translator": {
						"type": "TabularTranslator",
						"mappings": [
							{
								"source": {
									"name": "usr_seq"
								},
								"sink": {
									"name": "usr_seq"
								}
							},
							{
								"source": {
									"name": "id"
								},
								"sink": {
									"name": "id"
								}
							}
						],
						"typeConversion": true,
						"typeConversionSettings": {
							"allowDataTruncation": true,
							"treatBooleanAsNumber": false
						}
					}
				},
				"inputs": [
					{
						"referenceName": "ds_transformation_db",
						"type": "DatasetReference",
						"parameters": {
							"table_schema": "''",
							"table_name": "''"
						}
					}
				],
				"outputs": [
					{
						"referenceName": "ds_transformation_db",
						"type": "DatasetReference",
						"parameters": {
							"table_schema": "bridge",
							"table_name": "user_tsec_users"
						}
					}
				]
			},
			{
				"name": "Lookup",
				"type": "Lookup",
				"dependsOn": [
					{
						"activity": "Copy data bridge user_tsec_users",
						"dependencyConditions": [
							"Succeeded"
						]
					},
					{
						"activity": "Copy to tmp_users",
						"dependencyConditions": [
							"Succeeded"
						]
					}
				],
				"policy": {
					"timeout": "0.12:00:00",
					"retry": 0,
					"retryIntervalInSeconds": 30,
					"secureOutput": false,
					"secureInput": false
				},
				"userProperties": [],
				"typeProperties": {
					"source": {
						"type": "AzurePostgreSqlSource",
						"query": {
							"value": "select a.*,\nsplit_part(a.usr_display_name,',', 1) as firstName , trim(reverse(split_part(reverse(a.usr_display_name),',', 1))) as lastName\nfrom fb.users a \nleft join bridge.tmp_users b \non a.usr_email=b.email where b.id is null",
							"type": "Expression"
						},
						"partitionOption": "None"
					},
					"dataset": {
						"referenceName": "ds_transformation_db",
						"type": "DatasetReference",
						"parameters": {
							"table_schema": "''",
							"table_name": "''"
						}
					},
					"firstRowOnly": false
				}
			},
			{
				"name": "creating_role_officer",
				"type": "WebActivity",
				"dependsOn": [
					{
						"activity": "Filter role id",
						"dependencyConditions": [
							"Failed"
						]
					}
				],
				"policy": {
					"timeout": "0.12:00:00",
					"retry": 0,
					"retryIntervalInSeconds": 30,
					"secureOutput": false,
					"secureInput": false
				},
				"userProperties": [],
				"typeProperties": {
					"url": {
						"value": "@pipeline().globalParameters.tenant_settings_roles_endpoint",
						"type": "Expression"
					},
					"method": "POST",
					"headers": {
						"X-Tenant-Id": {
							"value": "@pipeline().globalParameters.tenant_id",
							"type": "Expression"
						},
						"Authorization": {
							"value": "@variables('access_token')",
							"type": "Expression"
						},
						"Content-Type": "application/json"
					},
					"body": {
						"value": "@{json(\nconcat('{\n  \"activeDirectoryRoles\": [\n    \n  ],\n  \"id\": \"7bf792ae-44c2-48c0-b1ca-196a89a25442\",\n  \"name\": \"Officer\",\n  \"resources\": [\n    {\n      \"fullAccess\": false,\n      \"id\": \"b530d176-59d6-11eb-ae93-0242ac130002\",\n      \"read\": false,\n      \"resources\": [\n        \n      ]\n    }\n  ]\n}'))}",
						"type": "Expression"
					}
				}
			}
		],
		"parameters": {
			"p_data_migration_audit_id_child": {
				"type": "int"
			},
			"p_created_by_child": {
				"type": "string"
			}
		},
		"variables": {
			"usr_seq": {
				"type": "String"
			},
			"id": {
				"type": "String"
			},
			"role_id_officer": {
				"type": "String"
			},
			"historical_evidence_room": {
				"type": "String"
			},
			"runtime": {
				"type": "String"
			},
			"Activityrunid": {
				"type": "String"
			},
			"errordescription": {
				"type": "String"
			},
			"failuretype": {
				"type": "String"
			},
			"access_token": {
				"type": "String"
			}
		},
		"folder": {
			"name": "Transformation to Nexus API's"
		},
		"annotations": [],
		"lastPublishTime": "2022-05-18T14:17:22Z"
	},
	"type": "Microsoft.DataFactory/factories/pipelines"
}