{
	"name": "pl_units",
	"properties": {
		"activities": [
			{
				"name": "data_flow_units",
				"type": "ExecuteDataFlow",
				"dependsOn": [
					{
						"activity": "unit_type_id",
						"dependencyConditions": [
							"Succeeded"
						]
					}
				],
				"policy": {
					"timeout": "1.00:00:00",
					"retry": 0,
					"retryIntervalInSeconds": 30,
					"secureOutput": false,
					"secureInput": false
				},
				"userProperties": [],
				"typeProperties": {
					"dataflow": {
						"referenceName": "df_unit",
						"type": "DataFlowReference",
						"datasetParameters": {
							"unit": {
								"table_schema": "fb",
								"table_name": "unit"
							},
							"users": {
								"table_schema": "fb",
								"table_name": "users"
							},
							"usertsecusers": {
								"table_schema": "bridge",
								"table_name": "user_tsec_users"
							},
							"unittsunits": {
								"table_schema": "bridge",
								"table_name": "unit_ts_units"
							},
							"tmpunit": {
								"table_schema": "bridge",
								"table_name": "tmp_unit"
							},
							"tmpdevices": {
								"table_schema": "bridge",
								"table_name": "tmp_devices"
							},
							"sink1": {
								"table_schema": "bridge",
								"table_name": "unit_ts_units"
							}
						}
					},
					"compute": {
						"coreCount": 8,
						"computeType": "General"
					},
					"traceLevel": "None"
				}
			},
			{
				"name": "foreach",
				"type": "ForEach",
				"dependsOn": [
					{
						"activity": "data_flow_units",
						"dependencyConditions": [
							"Succeeded"
						]
					}
				],
				"userProperties": [],
				"typeProperties": {
					"items": {
						"value": "@activity('data_flow_units').output.runStatus.output.sink2.value",
						"type": "Expression"
					},
					"isSequential": true,
					"activities": [
						{
							"name": "if_user_exsits_for_unit",
							"type": "IfCondition",
							"dependsOn": [],
							"userProperties": [],
							"typeProperties": {
								"expression": {
									"value": "@equals(item().id,null)",
									"type": "Expression"
								},
								"ifFalseActivities": [
									{
										"name": "copy_data_to_post_api_and_mapping_tbl",
										"type": "Copy",
										"dependsOn": [],
										"policy": {
											"timeout": "0.12:00:00",
											"retry": 0,
											"retryIntervalInSeconds": 30,
											"secureOutput": false,
											"secureInput": false
										},
										"userProperties": [],
										"typeProperties": {
											"source": {
												"type": "RestSource",
												"additionalColumns": [
													{
														"name": "seq",
														"value": {
															"value": "@item().unt_seq",
															"type": "Expression"
														}
													}
												],
												"httpRequestTimeout": "00:01:40",
												"requestInterval": "00.00:00:00.010",
												"requestMethod": "POST",
												"requestBody": {
													"value": "@{json(\nconcat('{\n \"active\":false,\n \"name\": \"',item().unt_id,'\",\n \"type\": \"',variables('unit_type_id'),'\",\n \"unitGroupId\": \"',pipeline().globalParameters.default_unit_group,'\",\n \"userId\": \"',item().id,'\"\n  }'))}",
													"type": "Expression"
												},
												"additionalHeaders": {
													"Authorization": {
														"value": "@variables('access_token')",
														"type": "Expression"
													},
													"Content-Type": "application/json",
													"x-tenant-id": {
														"value": "@pipeline().globalParameters.tenant_id",
														"type": "Expression"
													}
												},
												"paginationRules": {
													"supportRFC5988": "true"
												}
											},
											"sink": {
												"type": "AzurePostgreSQLSink",
												"writeBatchSize": 1000000,
												"writeBatchTimeout": "00:30:00",
												"writeMethod": "CopyCommand"
											},
											"enableStaging": false,
											"translator": {
												"type": "TabularTranslator",
												"mappings": [
													{
														"source": {
															"path": "$['id']"
														},
														"sink": {
															"name": "id"
														}
													},
													{
														"source": {
															"path": "$['seq']"
														},
														"sink": {
															"name": "unt_seq"
														}
													}
												]
											}
										},
										"inputs": [
											{
												"referenceName": "ds_internal_api",
												"type": "DatasetReference",
												"parameters": {
													"url": {
														"value": "@pipeline().globalParameters.tenant_settings_unit_endpoint",
														"type": "Expression"
													}
												}
											}
										],
										"outputs": [
											{
												"referenceName": "ds_transformation_db",
												"type": "DatasetReference",
												"parameters": {
													"table_schema": "bridge",
													"table_name": "unit_ts_units"
												}
											}
										]
									}
								],
								"ifTrueActivities": [
									{
										"name": "copying_data_to_post_api_and_mapping_tbl",
										"type": "Copy",
										"dependsOn": [],
										"policy": {
											"timeout": "0.12:00:00",
											"retry": 0,
											"retryIntervalInSeconds": 30,
											"secureOutput": false,
											"secureInput": false
										},
										"userProperties": [],
										"typeProperties": {
											"source": {
												"type": "RestSource",
												"additionalColumns": [
													{
														"name": "seq",
														"value": {
															"value": "@item().unt_seq",
															"type": "Expression"
														}
													}
												],
												"httpRequestTimeout": "00:01:40",
												"requestInterval": "00.00:00:00.010",
												"requestMethod": "POST",
												"requestBody": {
													"value": "@{json(\nconcat('{\n \"active\":false,\n \"name\": \"',item().unt_id,'\",\n \"type\": \"',variables('unit_type_id'),'\",\n \"unitGroupId\": \"',pipeline().globalParameters.default_unit_group,'\"\n  }'))}",
													"type": "Expression"
												},
												"additionalHeaders": {
													"Authorization": {
														"value": "@variables('access_token')",
														"type": "Expression"
													},
													"Content-Type": "application/json",
													"x-tenant-id": {
														"value": "@pipeline().globalParameters.tenant_id",
														"type": "Expression"
													}
												},
												"paginationRules": {
													"supportRFC5988": "true"
												}
											},
											"sink": {
												"type": "AzurePostgreSQLSink",
												"writeBatchSize": 1000000,
												"writeBatchTimeout": "00:30:00",
												"writeMethod": "CopyCommand"
											},
											"enableStaging": false,
											"translator": {
												"type": "TabularTranslator",
												"mappings": [
													{
														"source": {
															"path": "$['id']"
														},
														"sink": {
															"name": "id"
														}
													},
													{
														"source": {
															"path": "$['seq']"
														},
														"sink": {
															"name": "unt_seq"
														}
													}
												]
											}
										},
										"inputs": [
											{
												"referenceName": "ds_internal_api",
												"type": "DatasetReference",
												"parameters": {
													"url": {
														"value": "@pipeline().globalParameters.tenant_settings_unit_endpoint",
														"type": "Expression"
													}
												}
											}
										],
										"outputs": [
											{
												"referenceName": "ds_transformation_db",
												"type": "DatasetReference",
												"parameters": {
													"table_schema": "bridge",
													"table_name": "unit_ts_units"
												}
											}
										]
									}
								]
							}
						}
					]
				}
			},
			{
				"name": "get_unit_types",
				"type": "WebActivity",
				"dependsOn": [
					{
						"activity": "access_token",
						"dependencyConditions": [
							"Succeeded"
						]
					}
				],
				"policy": {
					"timeout": "7.00:00:00",
					"retry": 0,
					"retryIntervalInSeconds": 30,
					"secureOutput": false,
					"secureInput": false
				},
				"userProperties": [],
				"typeProperties": {
					"url": "https://dev.safefleetcloud.us:443/tenant-settings/api/unitTypes",
					"method": "GET",
					"headers": {
						"Authorization": {
							"value": "@variables('access_token')",
							"type": "Expression"
						},
						"Content-Type": "application/json",
						"x-tenant-id": "desm"
					}
				}
			},
			{
				"name": "unit_type_id",
				"type": "SetVariable",
				"dependsOn": [
					{
						"activity": "filter_unit_type_id",
						"dependencyConditions": [
							"Succeeded"
						]
					}
				],
				"userProperties": [],
				"typeProperties": {
					"variableName": "unit_type_id",
					"value": {
						"value": "@activity('filter_unit_type_id').output.Value[0].id",
						"type": "Expression"
					}
				}
			},
			{
				"name": "filter_unit_type_id",
				"type": "Filter",
				"dependsOn": [
					{
						"activity": "get_unit_types",
						"dependencyConditions": [
							"Succeeded"
						]
					}
				],
				"userProperties": [],
				"typeProperties": {
					"items": {
						"value": "@json(activity('get_unit_types').output.Response)",
						"type": "Expression"
					},
					"condition": {
						"value": "@equals(item().name,pipeline().globalParameters.role_name)",
						"type": "Expression"
					}
				}
			},
			{
				"name": "log_success_trans_nexus",
				"type": "Copy",
				"dependsOn": [
					{
						"activity": "foreach",
						"dependencyConditions": [
							"Succeeded"
						]
					}
				],
				"policy": {
					"timeout": "7.00:00:00",
					"retry": 0,
					"retryIntervalInSeconds": 30,
					"secureOutput": false,
					"secureInput": false
				},
				"userProperties": [],
				"typeProperties": {
					"source": {
						"type": "AzureMySqlSource",
						"query": {
							"value": "SELECT \n '@{pipeline().DataFactory}' as data_factory_name,\n '@{pipeline().Pipeline}' as pipeline_name,\n '@{pipeline().RunId}' as run_id,\n '@{pipeline().TriggerType}' as trigger_type,\n '@{pipeline().TriggerId}' as trigger_id,\n '@{div(sub(ticks(adddays(pipeline().TriggerTime, -1)), ticks('1970-01-01')),10000000)}' as trigger_time,\n '@{pipeline().TriggerName}' as trigger_name,\n '@{activity('data_flow_units').output.runstatus.metrics.sink2.rowswritten}' as rows_copied,\n '@{activity('data_flow_units').output.runstatus.metrics.sink2.rowswritten}' as data_read,\n 0 as no_parallel_copies,\n 0 as copy_duration_in_secs,\n 0 as effective_integration_run_time,\n 'AzurePostgreSqlNpgsql' as source_type,\n 'Mariadb' as sink_type,\n 'Succeeded' as execution_status,\n 0 as copy_activity_start_time,\n '@{div(sub(ticks(adddays(utcnow(), -1)), ticks('1970-01-01')),10000000)}' as copy_activity_end_time,\n 0 as copy_activity_queuing_duration_in_secs,\n 0 as copy_activity_transfer_duration_in_secs,\n 'users' as entity_name,\n 0 as activity_run_id,\n '@{pipeline().parameters.p_data_migration_audit_id_child}' as data_migration_audit_id,\n '@{pipeline().parameters.p_created_by_child}' as created_by,\n '@{div(sub(ticks(adddays(pipeline().TriggerTime, -1)), ticks('1970-01-01')),10000000)}'as created_on,\n 0 as modified_by,\n  0 as modified_on,\n 1 as active",
							"type": "Expression"
						},
						"queryTimeout": "02:00:00"
					},
					"sink": {
						"type": "AzureMySqlSink",
						"writeBatchSize": 10000,
						"writeBatchTimeout": "00:00:30"
					},
					"enableStaging": false
				},
				"inputs": [
					{
						"referenceName": "ds_datamigration_db",
						"type": "DatasetReference",
						"parameters": {
							"table_name": "adf_pipeline_logs"
						}
					}
				],
				"outputs": [
					{
						"referenceName": "ds_datamigration_db",
						"type": "DatasetReference",
						"parameters": {
							"table_name": "adf_pipeline_logs"
						}
					}
				]
			},
			{
				"name": "log_error_trans_nexus",
				"type": "Copy",
				"dependsOn": [
					{
						"activity": "foreach",
						"dependencyConditions": [
							"Failed"
						]
					}
				],
				"policy": {
					"timeout": "7.00:00:00",
					"retry": 0,
					"retryIntervalInSeconds": 30,
					"secureOutput": false,
					"secureInput": false
				},
				"userProperties": [],
				"typeProperties": {
					"source": {
						"type": "AzureMySqlSource",
						"query": {
							"value": "SELECT \n'@{pipeline().DataFactory}' as data_factory_name,\n'@{pipeline().Pipeline}' as pipeline_name,\n'@{pipeline().RunId}' as run_id,\n'@{pipeline().TriggerType}' as trigger_type,\n'@{pipeline().TriggerId}' as trigger_id,\n'@{pipeline().TriggerName}' as trigger_name,\n'@{div(sub(ticks(adddays(pipeline().TriggerTime, -0)), ticks('1970-01-01')),10000000)}' as trigger_time,\n'' as error_description,\n'' as error_code,\n'@{div(sub(ticks(adddays(utcnow(), -0)), ticks('1970-01-01')),10000000)}' as error_logged_time,\n'' as failure_type,\n'users' as entity_name,\n'' as activity_run_id,\n'@{pipeline().parameters.p_data_migration_audit_id_child}' as data_migration_audit_id,\n'@{pipeline().parameters.p_created_by_child}' as created_by,\n'@{div(sub(ticks(adddays(pipeline().TriggerTime, -0)), ticks('1970-01-01')),10000000)}'\tas created_on,\n''as modified_by,\n0 as modified_on,\n1 as active",
							"type": "Expression"
						},
						"queryTimeout": "02:00:00"
					},
					"sink": {
						"type": "AzureMySqlSink",
						"writeBatchSize": 10000,
						"writeBatchTimeout": "00:00:30"
					},
					"enableStaging": false
				},
				"inputs": [
					{
						"referenceName": "ds_datamigration_db",
						"type": "DatasetReference",
						"parameters": {
							"table_name": "adf_pipeline_errors"
						}
					}
				],
				"outputs": [
					{
						"referenceName": "ds_datamigration_db",
						"type": "DatasetReference",
						"parameters": {
							"table_name": "adf_pipeline_errors"
						}
					}
				]
			},
			{
				"name": "access_token",
				"type": "SetVariable",
				"dependsOn": [
					{
						"activity": "auth_token",
						"dependencyConditions": [
							"Succeeded"
						]
					}
				],
				"userProperties": [],
				"typeProperties": {
					"variableName": "access_token",
					"value": {
						"value": "@concat('Bearer ',activity('auth_token').output.access_token)",
						"type": "Expression"
					}
				}
			},
			{
				"name": "copy_to_tmp_unit",
				"type": "Copy",
				"dependsOn": [
					{
						"activity": "access_token",
						"dependencyConditions": [
							"Succeeded"
						]
					}
				],
				"policy": {
					"timeout": "0.12:00:00",
					"retry": 0,
					"retryIntervalInSeconds": 30,
					"secureOutput": false,
					"secureInput": false
				},
				"userProperties": [],
				"typeProperties": {
					"source": {
						"type": "RestSource",
						"httpRequestTimeout": "00:01:40",
						"requestInterval": "00.00:00:00.010",
						"requestMethod": "GET",
						"additionalHeaders": {
							"Authorization": {
								"value": "@variables('access_token')",
								"type": "Expression"
							},
							"X-Tenant-Id": {
								"value": "@pipeline().globalParameters.tenant_id",
								"type": "Expression"
							}
						},
						"paginationRules": {
							"supportRFC5988": "true"
						}
					},
					"sink": {
						"type": "AzurePostgreSQLSink",
						"writeBatchSize": 1000000,
						"writeBatchTimeout": "00:30:00",
						"preCopyScript": {
							"value": "truncate table bridge.tmp_unit",
							"type": "Expression"
						},
						"writeMethod": "CopyCommand"
					},
					"enableStaging": false,
					"translator": {
						"type": "TabularTranslator",
						"mappings": [
							{
								"source": {
									"path": "id"
								},
								"sink": {
									"name": "id"
								}
							},
							{
								"source": {
									"path": "name"
								},
								"sink": {
									"name": "name"
								}
							}
						],
						"collectionReference": "$['content']",
						"mapComplexValuesToString": true
					}
				},
				"inputs": [
					{
						"referenceName": "ds_internal_api",
						"type": "DatasetReference",
						"parameters": {
							"url": {
								"value": "@pipeline().globalParameters.tenant_settings_unit_endpoint",
								"type": "Expression"
							}
						}
					}
				],
				"outputs": [
					{
						"referenceName": "ds_transformation_db",
						"type": "DatasetReference",
						"parameters": {
							"table_schema": "bridge",
							"table_name": "tmp_unit"
						}
					}
				]
			},
			{
				"name": "copy_to_tmp_devices",
				"type": "Copy",
				"dependsOn": [
					{
						"activity": "access_token",
						"dependencyConditions": [
							"Succeeded"
						]
					}
				],
				"policy": {
					"timeout": "0.12:00:00",
					"retry": 0,
					"retryIntervalInSeconds": 30,
					"secureOutput": false,
					"secureInput": false
				},
				"userProperties": [],
				"typeProperties": {
					"source": {
						"type": "RestSource",
						"httpRequestTimeout": "00:01:40",
						"requestInterval": "00.00:00:00.010",
						"requestMethod": "GET",
						"additionalHeaders": {
							"Authorization": {
								"value": "@variables('access_token')",
								"type": "Expression"
							},
							"X-Tenant-Id": {
								"value": "@pipeline().globalParameters.tenant_id",
								"type": "Expression"
							}
						},
						"paginationRules": {
							"supportRFC5988": "true"
						}
					},
					"sink": {
						"type": "AzurePostgreSQLSink",
						"writeBatchSize": 1000000,
						"writeBatchTimeout": "00:30:00",
						"preCopyScript": {
							"value": "truncate table bridge.tmp_devices",
							"type": "Expression"
						},
						"writeMethod": "CopyCommand"
					},
					"enableStaging": false,
					"translator": {
						"type": "TabularTranslator",
						"mappings": [
							{
								"source": {
									"path": "['id']"
								},
								"sink": {
									"name": "id"
								}
							},
							{
								"source": {
									"path": "['deviceId']"
								},
								"sink": {
									"name": "deviceid"
								}
							}
						],
						"collectionReference": "$['content']",
						"mapComplexValuesToString": true
					}
				},
				"inputs": [
					{
						"referenceName": "ds_internal_api",
						"type": "DatasetReference",
						"parameters": {
							"url": {
								"value": "@pipeline().globalParameters.tenant_settings_devices_endpoint",
								"type": "Expression"
							}
						}
					}
				],
				"outputs": [
					{
						"referenceName": "ds_transformation_db",
						"type": "DatasetReference",
						"parameters": {
							"table_schema": "bridge",
							"table_name": "tmp_devices"
						}
					}
				]
			},
			{
				"name": "calling_password",
				"type": "WebActivity",
				"dependsOn": [],
				"policy": {
					"timeout": "0.12:00:00",
					"retry": 0,
					"retryIntervalInSeconds": 30,
					"secureOutput": false,
					"secureInput": false
				},
				"userProperties": [],
				"typeProperties": {
					"url": {
						"value": "@{pipeline().globalParameters.az_keyvault_uri}secrets/dev-desm-SSOdatamigrationengineclientsecret?api-version=7.0",
						"type": "Expression"
					},
					"method": "GET",
					"authentication": {
						"type": "MSI",
						"resource": " https://vault.usgovcloudapi.net"
					}
				}
			},
			{
				"name": "auth_token",
				"type": "WebActivity",
				"dependsOn": [
					{
						"activity": "calling_password",
						"dependencyConditions": [
							"Succeeded"
						]
					},
					{
						"activity": "calling_secret",
						"dependencyConditions": [
							"Succeeded"
						]
					}
				],
				"policy": {
					"timeout": "0.12:00:00",
					"retry": 0,
					"retryIntervalInSeconds": 30,
					"secureOutput": false,
					"secureInput": false
				},
				"userProperties": [],
				"typeProperties": {
					"url": {
						"value": "@pipeline().globalParameters.identityManagerAccessTokenUrl",
						"type": "Expression"
					},
					"method": "POST",
					"headers": {
						"content-Type": "application/x-www-form-urlencoded"
					},
					"body": {
						"value": "client_id=@{pipeline().globalParameters.SSOdatamigrationengineclient}&client_secret=@{activity('calling_secret').output.value}&grant_type=password&username=migration@safefleetcloud.com&password=@{activity('calling_password').output.value}",
						"type": "Expression"
					}
				}
			},
			{
				"name": "calling_secret",
				"type": "WebActivity",
				"dependsOn": [],
				"policy": {
					"timeout": "0.12:00:00",
					"retry": 0,
					"retryIntervalInSeconds": 30,
					"secureOutput": false,
					"secureInput": false
				},
				"userProperties": [],
				"typeProperties": {
					"url": {
						"value": "@{pipeline().globalParameters.az_keyvault_uri}secrets/dev-desm-nexus-api-client-secret?api-version=7.0",
						"type": "Expression"
					},
					"method": "GET",
					"authentication": {
						"type": "MSI",
						"resource": " https://vault.usgovcloudapi.net"
					}
				}
			}
		],
		"parameters": {
			"p_data_migration_audit_id_child": {
				"type": "int"
			},
			"p_created_by_child": {
				"type": "string"
			}
		},
		"variables": {
			"unt_seq": {
				"type": "String"
			},
			"id": {
				"type": "String"
			},
			"unit_type_id": {
				"type": "String"
			},
			"access_token": {
				"type": "String"
			}
		},
		"folder": {
			"name": "transformation_to_nexus_api"
		},
		"annotations": [],
		"lastPublishTime": "2022-05-18T14:17:22Z"
	},
	"type": "Microsoft.DataFactory/factories/pipelines"
}